id	name	type	description	rarity	price	hp_bonus	str_bonus	def_bonus	agi_bonus	mag_bonus	luk_bonus	required_level	is_shop_item	is_active	sort_order	created_at	updated_at	spr_bonus	sub_type	element	sell_price	mp_bonus	unlock_city_id
1	木の剣	weapon	初心者用の木製の剣	normal	10	0	16	0	3	0	0	1	1	1	10	2026-06-05 16:41:52	2026-06-11 13:19:28	0	剣		11	0	1
2	鉄の剣	weapon	扱いやすい鉄製の剣	normal	120	0	16	0	3	0	0	2	1	1	20	2026-06-05 16:41:52	2026-06-11 13:19:28	0	剣		14	0	1
3	鋼の剣	weapon	小鬼の森でも頼れる剣	D	450	0	16	0	3	0	0	5	1	1	60	2026-06-05 16:41:52	2026-06-11 13:19:28	0	剣		23	0	1
4	魔術師の杖	weapon	魔力を高める杖	normal	160	0	0	0	0	18	0	2	1	1	30	2026-06-05 16:41:52	2026-06-11 13:19:28	4	杖		14	30	1
5	盗賊の短剣	weapon	素早く扱える短剣	normal	200	0	16	0	3	0	0	3	1	1	40	2026-06-05 16:41:52	2026-06-11 13:19:28	0	剣		16	0	1
35	ゴブリン弓兵の弓	weapon	ドロップ品: ゴブリン弓兵の弓	rare	424	0	47	0	4	0	6	1	0	1	1740	2026-06-07 01:15:40	2026-06-11 13:19:29	0	弓		106	0	
41	スケルトン見習いの骨剣	weapon	ドロップ品: スケルトン見習いの骨剣	rare	424	0	47	0	3	0	0	1	0	1	1750	2026-06-07 01:15:40	2026-06-11 13:19:29	0	剣		106	0	
50	スケルトンの骨剣	weapon	ドロップ品: スケルトンの骨剣	rare	424	0	47	0	3	0	0	1	0	1	1760	2026-06-07 01:15:40	2026-06-11 13:19:29	0	剣		106	0	
59	訓練兵の武器	weapon	ドロップ品: 訓練兵の武器	rare	424	0	0	0	0	16	6	1	0	1	1770	2026-06-07 01:15:40	2026-06-11 13:19:29	0	魔導具		106	27	
60	見習い剣士の剣	weapon	ドロップ品: 見習い剣士の剣	rare	424	0	18	0	3	0	0	1	0	1	1780	2026-06-07 01:15:40	2026-06-11 13:19:29	0	剣		106	0	
74	錆びた甲板兵の武器	weapon	ドロップ品: 錆びた甲板兵の武器	rare	424	0	72	0	0	16	6	1	0	1	1790	2026-06-07 01:15:41	2026-06-11 13:19:29	0	魔導具		106	27	
82	海賊下っ端のカトラス	weapon	ドロップ品: 海賊下っ端のカトラス	rare	424	0	11	0	7	0	6	1	0	1	1800	2026-06-07 01:15:41	2026-06-11 13:19:29	0	短剣		106	0	
83	海賊射手のカトラス	weapon	ドロップ品: 海賊射手のカトラス	rare	424	0	11	0	7	0	6	1	0	1	1810	2026-06-07 01:15:41	2026-06-11 13:19:29	0	短剣		106	0	
92	神殿兵の武器	weapon	ドロップ品: 神殿兵の武器	rare	424	0	72	0	0	16	6	1	0	1	1820	2026-06-07 01:15:41	2026-06-11 13:19:29	0	魔導具		106	27	
114	庭園の騎士の剣	weapon	ドロップ品: 庭園の騎士の剣	rare	424	0	18	0	3	0	0	1	0	1	1830	2026-06-07 01:19:24	2026-06-11 13:19:29	0	剣		106	0	
124	廃坑スケルトンの骨剣	weapon	ドロップ品: 廃坑スケルトンの骨剣	rare	424	0	18	0	3	0	0	1	0	1	1840	2026-06-07 01:19:24	2026-06-11 13:19:29	0	剣		106	0	
133	蒸気兵の武器	weapon	ドロップ品: 蒸気兵の武器	rare	424	0	0	0	0	16	6	1	0	1	1850	2026-06-07 01:19:24	2026-06-11 13:19:29	0	魔導具		106	27	
140	電磁兵の武器	weapon	ドロップ品: 電磁兵の武器	rare	424	0	150	0	0	16	6	1	0	1	1860	2026-06-07 01:19:25	2026-06-11 13:19:29	0	魔導具		106	27	
143	古代兵の武器	weapon	ドロップ品: 古代兵の武器	rare	424	0	150	0	0	16	6	1	0	1	1870	2026-06-07 01:19:25	2026-06-11 13:19:29	0	魔導具		106	27	
144	重装機兵の武器	weapon	ドロップ品: 重装機兵の武器	rare	424	0	0	0	0	16	6	1	0	1	1880	2026-06-07 01:19:25	2026-06-11 13:19:29	0	魔導具		106	27	
177	砂漠盗賊の短剣	weapon	ドロップ品: 砂漠盗賊の短剣	rare	424	0	259	0	3	0	0	1	0	1	1890	2026-06-07 01:19:25	2026-06-11 13:19:29	0	剣		106	0	
181	石像兵の武器	weapon	ドロップ品: 石像兵の武器	rare	424	0	259	0	0	16	6	1	0	1	1900	2026-06-07 01:19:25	2026-06-11 13:19:29	0	魔導具		106	27	
206	暴走魔導兵の武器	weapon	ドロップ品: 暴走魔導兵の武器	rare	424	0	301	0	0	16	6	1	0	1	1910	2026-06-07 01:21:35	2026-06-11 13:19:29	0	魔導具		106	27	
220	死霊兵の武器	weapon	ドロップ品: 死霊兵の武器	rare	424	0	359	0	0	16	6	1	0	1	1920	2026-06-07 01:21:35	2026-06-11 13:19:29	0	魔導具		106	27	
221	黒骨犬の骨剣	weapon	ドロップ品: 黒骨犬の骨剣	rare	424	0	359	0	3	0	0	1	0	1	1930	2026-06-07 01:21:35	2026-06-11 13:19:29	0	剣		106	0	
225	呪い騎士の剣	weapon	ドロップ品: 呪い騎士の剣	rare	424	0	359	0	3	0	0	1	0	1	1940	2026-06-07 01:21:35	2026-06-11 13:19:29	0	剣		106	0	
235	魔王軍兵の武器	weapon	ドロップ品: 魔王軍兵の武器	rare	424	0	0	0	0	16	6	1	0	1	1950	2026-06-07 01:21:36	2026-06-11 13:19:29	0	魔導具		106	27	
236	魔王軍弓兵の弓	weapon	ドロップ品: 魔王軍弓兵の弓	rare	424	0	15	0	4	0	6	1	0	1	1960	2026-06-07 01:21:36	2026-06-11 13:19:29	0	弓		106	0	
246	深淵騎士の剣	weapon	ドロップ品: 深淵騎士の剣	rare	424	0	18	0	3	0	0	1	0	1	1970	2026-06-07 01:21:36	2026-06-11 13:19:29	0	剣		106	0	
256	神殿騎士の剣	weapon	ドロップ品: 神殿騎士の剣	rare	424	0	18	0	3	0	0	1	0	1	1980	2026-06-07 01:23:57	2026-06-11 13:19:29	0	剣		106	0	
261	魔王軍歩兵の武器	weapon	ドロップ品: 魔王軍歩兵の武器	rare	424	0	524	0	0	16	6	1	0	1	1990	2026-06-07 01:23:57	2026-06-11 13:19:29	0	魔導具		106	27	
266	魔神兵の武器	weapon	ドロップ品: 魔神兵の武器	rare	424	0	524	0	0	16	6	1	0	1	2000	2026-06-07 01:23:57	2026-06-11 13:19:29	0	魔導具		106	27	
267	黒騎士将の剣	weapon	ドロップ品: 黒騎士将の剣	rare	424	0	524	0	3	0	0	1	0	1	2010	2026-06-07 01:23:57	2026-06-11 13:19:29	0	剣		106	0	
276	魔王近衛兵の武器	weapon	ドロップ品: 魔王近衛兵の武器	rare	424	0	524	0	0	16	6	1	0	1	2020	2026-06-07 01:23:57	2026-06-11 13:19:29	0	魔導具		106	27	
277	黒玉座の騎士の剣	weapon	ドロップ品: 黒玉座の騎士の剣	rare	424	0	524	0	3	0	0	1	0	1	2030	2026-06-07 01:23:57	2026-06-11 13:19:29	0	剣		106	0	
378	騎士の剣	weapon	扱いやすい標準武器。物理職全般に向く。	J	1800	0	41	0	5	0	0	40	1	1	170	2026-06-08 13:18:11	2026-06-11 13:19:28	0	剣		450	0	1
382	鉄拳甲	weapon	連撃・格闘職向け。HPと素早さも補う。	J	1600	60	27	0	7	0	0	40	1	1	150	2026-06-08 13:18:11	2026-06-11 13:19:28	0	拳		400	0	1
383	賢者見習いの杖	weapon	魔法職向け。MAGとMPを大きく伸ばす。	J	1800	0	0	0	0	29	0	40	1	1	180	2026-06-08 13:18:11	2026-06-11 13:19:28	6	杖	魔	450	57	1
384	ハルバード	weapon	攻撃と防御を両立する安定武器。	J	1900	0	36	7	4	0	0	40	1	1	200	2026-06-08 13:18:11	2026-06-11 13:19:28	0	槍		475	0	1
385	連射銃	weapon	高価格だが攻撃と運に優れる特殊武器。	J	2100	0	35	0	4	0	8	40	1	1	230	2026-06-08 13:18:11	2026-06-11 13:19:28	0	銃		525	0	1
386	魔導コア	weapon	魔力と運を伸ばす魔導職向け装備。	J	2000	0	0	0	0	30	6	40	1	1	220	2026-06-08 13:18:11	2026-06-11 13:19:28	0	魔導具	魔	500	46	1
410	星詠みの杖	weapon	魔法職向け。MAGとMPを大きく伸ばす。	B	64700	0	0	0	0	262	0	230	1	1	880	2026-06-08 13:18:11	2026-06-11 13:19:29	42	杖	魔	16175	524	9
412	星弾銃	weapon	高価格だが攻撃と運に優れる特殊武器。	B	74400	0	322	0	20	0	68	230	1	1	960	2026-06-08 13:18:11	2026-06-11 13:19:29	0	銃		18600	0	9
414	ルーンブレード	weapon	扱いやすい標準武器。物理職全般に向く。	D	45200	0	261	0	24	0	0	180	1	1	700	2026-06-08 13:18:11	2026-06-11 13:19:29	0	剣		11300	0	7
415	ルーンアクス	weapon	重い一撃に優れる高火力武器。	D	47500	0	274	0	0	0	10	180	1	1	730	2026-06-08 13:18:11	2026-06-11 13:19:29	0	斧		11875	0	7
416	ルーンダガー	weapon	素早さと運を伸ばす軽量武器。	D	42900	0	180	0	63	0	42	180	1	1	690	2026-06-08 13:18:11	2026-06-11 13:19:29	0	短剣		10725	0	7
417	ルーンボウ	weapon	命中と会心を意識した遠距離武器。	D	45200	0	208	0	31	0	46	180	1	1	710	2026-06-08 13:18:11	2026-06-11 13:19:29	0	弓		11300	0	7
418	ルーンナックル	weapon	連撃・格闘職向け。HPと素早さも補う。	D	40700	383	169	0	40	0	0	180	1	1	670	2026-06-08 13:18:11	2026-06-11 13:19:29	0	拳		10175	0	7
419	ルーンスタッフ	weapon	魔法職向け。MAGとMPを大きく伸ばす。	D	45200	0	0	0	0	182	0	180	1	1	720	2026-06-08 13:18:11	2026-06-11 13:19:29	29	杖	魔	11300	366	7
420	ルーンランス	weapon	攻撃と防御を両立する安定武器。	D	47500	0	225	40	20	0	0	180	1	1	740	2026-06-08 13:18:11	2026-06-11 13:19:29	0	槍		11875	0	7
421	ルーンライフル	weapon	高価格だが攻撃と運に優れる特殊武器。	D	52000	0	224	0	15	0	47	180	1	1	770	2026-06-08 13:18:11	2026-06-11 13:19:29	0	銃		13000	0	7
422	ルーンオーブ	weapon	魔力と運を伸ばす魔導職向け装備。	D	49700	0	0	0	0	191	36	180	1	1	760	2026-06-08 13:18:11	2026-06-11 13:19:29	0	魔導具	魔	12425	293	7
432	終焉の剣	weapon	扱いやすい標準武器。物理職全般に向く。	A	75100	0	454	0	41	0	0	260	1	1	970	2026-06-08 13:18:12	2026-06-11 13:19:29	0	剣		18775	0	10
437	終焉の杖	weapon	魔法職向け。MAGとMPを大きく伸ばす。	A	75100	0	0	0	0	317	0	260	1	1	980	2026-06-08 13:18:12	2026-06-11 13:19:29	51	杖	魔	18775	634	10
509	草原の若葉弓	weapon	はじまりの草原の素材を用いて鍛えた合成武器。店売り品より一段上の火力を持つ。	E	774	0	52	0	0	0	5	0	0	1	1040	2026-06-09 00:45:48	2026-06-11 13:19:29	0	弓		162	0	
512	小鬼狩りの弓	weapon	小鬼の森の素材を用いて鍛えた合成武器。店売り品より一段上の火力を持つ。	E	1437	0	52	0	0	0	5	0	0	1	1050	2026-06-09 00:45:48	2026-06-11 13:19:29	0	弓		272	0	
515	洞窟探検剣	weapon	古びた洞窟の素材を用いて鍛えた合成武器。店売り品より一段上の火力を持つ。	E	2265	0	52	6	0	0	0	0	0	1	1060	2026-06-09 00:45:49	2026-06-11 13:19:29	0	剣		412	0	
518	ウルフファング	weapon	狼の丘の素材を用いて鍛えた合成武器。店売り品より一段上の火力を持つ。	E	3149	0	52	7	0	0	0	0	0	1	1070	2026-06-09 00:45:49	2026-06-11 13:19:29	0	剣		569	0	
521	グレイブアクス	weapon	忘れられた墓地の素材を用いて鍛えた合成武器。店売り品より一段上の火力を持つ。	E	4089	0	52	7	0	0	0	0	0	1	1080	2026-06-09 00:45:49	2026-06-11 13:19:29	0	剣		749	0	
524	フェアリーランス	weapon	妖精の泉の素材を用いて鍛えた合成武器。店売り品より一段上の火力を持つ。	E	5138	0	52	8	0	0	0	0	0	1	1090	2026-06-09 00:45:49	2026-06-11 13:19:29	0	剣		962	0	
527	ノービスソード	weapon	見習い訓練場の素材を用いて鍛えた合成武器。店売り品より一段上の火力を持つ。	E	6022	0	52	9	0	0	0	0	0	1	1100	2026-06-09 00:45:49	2026-06-11 13:19:29	0	剣		1159	0	
530	潮騎士の槍	weapon	潮風の海岸の素材を用いて鍛えた合成武器。店売り品より一段上の火力を持つ。	D	6906	0	78	9	0	0	0	0	0	1	1110	2026-06-09 00:45:49	2026-06-11 13:19:29	0	槍		1458	0	
533	海蝕の短剣	weapon	海蝕洞窟の素材を用いて鍛えた合成武器。店売り品より一段上の火力を持つ。	D	8288	0	78	10	0	0	0	0	0	1	1120	2026-06-09 00:45:49	2026-06-11 13:19:29	0	剣		1786	0	
536	難破船のカトラス	weapon	難破船の残骸の素材を用いて鍛えた合成武器。店売り品より一段上の火力を持つ。	D	9393	0	78	0	0	0	11	0	0	1	1130	2026-06-09 00:45:49	2026-06-11 13:19:29	0	短剣		2154	0	
539	人魚の水槍	weapon	人魚の入り江の素材を用いて鍛えた合成武器。店売り品より一段上の火力を持つ。	D	10774	0	78	13	0	0	0	0	0	1	1140	2026-06-09 00:45:49	2026-06-11 13:19:29	0	槍		2545	0	
542	海賊狩りの斧	weapon	海賊の隠れ家の素材を用いて鍛えた合成武器。店売り品より一段上の火力を持つ。	I	12155	0	78	0	0	0	0	11	0	1	1150	2026-06-09 00:45:49	2026-06-11 13:19:29	0	斧		2959	0	
545	珊瑚の魔杖	weapon	珊瑚迷宮の素材を用いて鍛えた合成武器。店売り品より一段上の火力を持つ。	D	13536	0	0	0	100	57	0	0	0	1	1160	2026-06-09 00:45:49	2026-06-11 13:19:29	22	杖		3411	219	
548	深海神殿の聖槍	weapon	深海神殿の素材を用いて鍛えた合成武器。店売り品より一段上の火力を持つ。	D	14862	0	78	17	0	0	0	0	0	1	1170	2026-06-09 00:45:49	2026-06-11 13:19:29	0	槍		3812	0	
551	若葉の狩弓	weapon	若葉の森の素材を用いて鍛えた合成武器。店売り品より一段上の火力を持つ。	C	16023	0	116	0	0	0	18	0	0	1	1180	2026-06-09 00:45:49	2026-06-11 13:19:29	0	弓		4364	0	
554	妖精森の短剣	weapon	妖精の森の素材を用いて鍛えた合成武器。店売り品より一段上の火力を持つ。	C	17404	0	116	19	0	0	0	0	0	1	1190	2026-06-09 00:45:49	2026-06-11 13:19:29	0	剣		4950	0	
557	世界樹根の大槌	weapon	世界樹の根の素材を用いて鍛えた合成武器。店売り品より一段上の火力を持つ。	C	18785	0	116	20	0	0	0	0	0	1	1200	2026-06-09 00:45:49	2026-06-11 13:19:29	0	剣		5592	0	
560	世界樹中層の杖	weapon	世界樹中層の素材を用いて鍛えた合成武器。店売り品より一段上の火力を持つ。	C	20443	0	0	0	139	82	0	0	0	1	1210	2026-06-09 00:45:49	2026-06-11 13:19:29	44	杖		6244	437	
563	世界樹上層の弓	weapon	世界樹上層の素材を用いて鍛えた合成武器。店売り品より一段上の火力を持つ。	C	22100	0	116	0	0	0	22	0	0	1	1220	2026-06-09 00:45:49	2026-06-11 13:19:29	0	弓		6931	0	
566	精霊神殿の霊杖	weapon	精霊神殿の素材を用いて鍛えた合成武器。店売り品より一段上の火力を持つ。	C	23758	0	0	0	158	82	0	0	0	1	1230	2026-06-09 00:45:49	2026-06-11 13:19:29	44	杖		7647	437	
569	月光の細剣	weapon	月光庭園の素材を用いて鍛えた合成武器。店売り品より一段上の火力を持つ。	C	25084	0	116	25	0	0	0	0	0	1	1240	2026-06-09 00:45:49	2026-06-11 13:19:29	0	剣		8305	0	
572	鉄鉱の戦斧	weapon	鉄鉱山の素材を用いて鍛えた合成武器。店売り品より一段上の火力を持つ。	B	26520	0	164	0	0	0	0	21	0	1	1250	2026-06-09 00:45:49	2026-06-11 13:19:29	0	斧		9161	0	
575	廃坑の削岩剣	weapon	廃坑の素材を用いて鍛えた合成武器。店売り品より一段上の火力を持つ。	B	28178	0	164	29	0	0	0	0	0	1	1260	2026-06-09 00:45:49	2026-06-11 13:19:29	0	剣		10055	0	
578	溶鉱炉の大剣	weapon	溶鉱炉跡の素材を用いて鍛えた合成武器。店売り品より一段上の火力を持つ。	B	29835	0	164	30	0	0	0	0	0	1	1270	2026-06-09 00:45:49	2026-06-11 13:19:29	0	剣		10983	0	
581	蒸気駆動槍	weapon	蒸気工場の素材を用いて鍛えた合成武器。店売り品より一段上の火力を持つ。	B	31493	0	164	31	0	0	0	0	0	1	1280	2026-06-09 00:45:49	2026-06-11 13:19:29	0	槍		11936	0	
584	機械兵の歯車剣	weapon	機械兵工場の素材を用いて鍛えた合成武器。店売り品より一段上の火力を持つ。	B	33426	0	164	32	0	0	0	0	0	1	1290	2026-06-09 00:45:50	2026-06-11 13:19:29	0	剣		12912	0	
587	雷動ブレード	weapon	地底発電所の素材を用いて鍛えた合成武器。店売り品より一段上の火力を持つ。	B	35084	0	164	35	0	0	0	0	0	1	1300	2026-06-09 00:45:50	2026-06-11 13:19:29	0	剣		13926	0	
590	古代兵装の剣	weapon	古代兵器庫の素材を用いて鍛えた合成武器。店売り品より一段上の火力を持つ。	B	36797	0	164	36	0	0	0	0	0	1	1310	2026-06-09 00:45:50	2026-06-11 13:19:29	0	剣		14897	0	
593	氷雪の槍	weapon	氷雪平原の素材を用いて鍛えた合成武器。店売り品より一段上の火力を持つ。	A	38123	0	226	37	0	0	0	0	0	1	1320	2026-06-09 00:45:50	2026-06-11 13:19:29	0	槍		16064	0	
596	吹雪の大弓	weapon	吹雪の峡谷の素材を用いて鍛えた合成武器。店売り品より一段上の火力を持つ。	A	40056	0	226	0	0	0	39	0	0	1	1330	2026-06-09 00:45:50	2026-06-11 13:19:29	0	弓		17287	0	
599	氷結洞の氷剣	weapon	氷結洞窟の素材を用いて鍛えた合成武器。店売り品より一段上の火力を持つ。	A	41990	0	226	41	0	0	0	0	0	1	1340	2026-06-09 00:45:50	2026-06-11 13:19:29	0	剣		18507	0	
602	白銀の狩弓	weapon	白銀の森の素材を用いて鍛えた合成武器。店売り品より一段上の火力を持つ。	A	43648	0	226	0	0	0	42	0	0	1	1350	2026-06-09 00:45:50	2026-06-11 13:19:29	0	弓		19787	0	
605	凍神殿の聖杖	weapon	凍てつく神殿の素材を用いて鍛えた合成武器。店売り品より一段上の火力を持つ。	A	45581	0	0	0	284	156	0	0	0	1	1360	2026-06-09 00:45:50	2026-06-11 13:19:29	161	杖		21091	1599	
608	氷竜牙の槍	weapon	氷竜の巣の素材を用いて鍛えた合成武器。店売り品より一段上の火力を持つ。	A	47515	0	226	46	0	0	0	0	0	1	1370	2026-06-09 00:45:50	2026-06-11 13:19:29	0	槍		22461	0	
611	極寒山脈の大斧	weapon	極寒山脈の素材を用いて鍛えた合成武器。店売り品より一段上の火力を持つ。	A	49725	0	226	0	0	0	0	38	0	1	1380	2026-06-09 00:45:50	2026-06-11 13:19:29	0	斧		23775	0	
614	砂海の曲刀	weapon	砂海の素材を用いて鍛えた合成武器。店売り品より一段上の火力を持つ。	S	50830	0	282	48	0	0	0	0	0	1	1390	2026-06-09 00:45:50	2026-06-11 13:19:29	0	剣		25269	0	
617	流砂の双刃	weapon	流砂地帯の素材を用いて鍛えた合成武器。店売り品より一段上の火力を持つ。	S	53040	0	282	51	0	0	0	0	0	1	1400	2026-06-09 00:45:50	2026-06-11 13:19:29	0	剣		26859	0	
620	遺跡兵装の剣	weapon	古代遺跡の素材を用いて鍛えた合成武器。店売り品より一段上の火力を持つ。	S	54974	0	282	52	0	0	0	0	0	1	1410	2026-06-09 00:45:50	2026-06-11 13:19:29	0	剣		28416	0	
623	王墓のファルシオン	weapon	王家の墓の素材を用いて鍛えた合成武器。店売り品より一段上の火力を持つ。	S	56908	0	282	53	0	0	0	0	0	1	1420	2026-06-09 00:45:50	2026-06-11 13:19:29	0	剣		30054	0	
626	砂嵐神殿の槍	weapon	砂嵐の神殿の素材を用いて鍛えた合成武器。店売り品より一段上の火力を持つ。	S	59118	0	282	56	0	0	0	0	0	1	1430	2026-06-09 00:45:50	2026-06-11 13:19:29	0	槍		31703	0	
629	地下水路の短剣	weapon	地下水路の素材を用いて鍛えた合成武器。店売り品より一段上の火力を持つ。	S	61051	0	282	57	0	0	0	0	0	1	1440	2026-06-09 00:45:50	2026-06-11 13:19:29	0	剣		33404	0	
632	太陽神の曲刀	weapon	太陽神殿の素材を用いて鍛えた合成武器。店売り品より一段上の火力を持つ。	S	63427	0	282	59	0	0	0	0	0	1	1450	2026-06-09 00:45:50	2026-06-11 13:19:29	0	剣		35084	0	
635	魔導書庫の杖	weapon	魔導図書館の素材を用いて鍛えた合成武器。店売り品より一段上の火力を持つ。	S	64643	0	0	0	395	230	0	0	0	1	1460	2026-06-09 00:45:50	2026-06-11 13:19:29	204	杖		36917	2034	
638	禁書の呪杖	weapon	禁書庫の素材を用いて鍛えた合成武器。店売り品より一段上の火力を持つ。	S	66853	0	0	0	408	230	0	0	0	1	1470	2026-06-09 00:45:50	2026-06-11 13:19:29	204	杖		38883	2034	
641	魔法研究所の試作杖	weapon	魔法研究所の素材を用いて鍛えた合成武器。店売り品より一段上の火力を持つ。	S	68786	0	0	0	420	230	0	0	0	1	1480	2026-06-09 00:45:50	2026-06-11 13:19:29	204	杖		40768	2034	
644	浮遊庭園の花槍	weapon	浮遊庭園の素材を用いて鍛えた合成武器。店売り品より一段上の火力を持つ。	SS	70996	0	329	65	0	0	0	0	0	1	1490	2026-06-09 00:45:51	2026-06-11 13:19:29	0	槍		42818	0	
647	星見の星杖	weapon	星見の塔の素材を用いて鍛えた合成武器。店売り品より一段上の火力を持つ。	SS	73206	0	0	0	445	230	0	0	0	1	1500	2026-06-09 00:45:51	2026-06-11 13:19:29	204	杖		44441	2034	
650	異界観測の雷杖	weapon	異界観測所の素材を用いて鍛えた合成武器。店売り品より一段上の火力を持つ。	SS	75416	0	0	0	458	230	0	0	0	1	1510	2026-06-09 00:45:51	2026-06-11 13:19:29	204	杖		46834	2034	
653	次元裂きの剣	weapon	次元回廊の素材を用いて鍛えた合成武器。店売り品より一段上の火力を持つ。	SS	78289	0	329	72	0	0	0	0	0	1	1520	2026-06-09 00:45:51	2026-06-11 13:19:29	0	剣		48975	0	
656	死者荒野の骨剣	weapon	死者の荒野の素材を用いて鍛えた合成武器。店売り品より一段上の火力を持つ。	SS	79008	0	392	72	0	0	0	0	0	1	1530	2026-06-09 00:45:51	2026-06-11 13:19:29	0	剣		50962	0	
659	呪城の黒剣	weapon	呪われた城の素材を用いて鍛えた合成武器。店売り品より一段上の火力を持つ。	SS	81494	0	392	75	0	0	0	0	0	1	1540	2026-06-09 00:45:51	2026-06-11 13:19:29	0	剣		53535	0	
662	冥界門の大鎌	weapon	冥界門の素材を用いて鍛えた合成武器。店売り品より一段上の火力を持つ。	SS	83704	0	392	77	0	0	0	0	0	1	1550	2026-06-09 00:45:51	2026-06-11 13:19:29	0	剣		55770	0	
665	悪魔神殿の魔槍	weapon	悪魔神殿の素材を用いて鍛えた合成武器。店売り品より一段上の火力を持つ。	SS	85914	0	392	79	0	0	0	0	0	1	1560	2026-06-09 00:45:51	2026-06-11 13:19:29	0	槍		58196	0	
668	魔王軍の軍刀	weapon	魔王軍要塞の素材を用いて鍛えた合成武器。店売り品より一段上の火力を持つ。	SS	88124	0	392	81	0	0	0	0	0	1	1570	2026-06-09 00:45:51	2026-06-11 13:19:29	0	剣		60621	0	
671	瘴気谷の毒刃	weapon	瘴気の谷の素材を用いて鍛えた合成武器。店売り品より一段上の火力を持つ。	SS	90610	0	392	83	0	0	0	0	0	1	1580	2026-06-09 00:45:51	2026-06-11 13:19:29	0	剣		63081	0	
674	奈落の階段剣	weapon	奈落への階段の素材を用いて鍛えた合成武器。店売り品より一段上の火力を持つ。	SS	93428	0	392	85	0	0	0	0	0	1	1590	2026-06-09 00:45:51	2026-06-11 13:19:29	0	剣		65665	0	
677	雲海の軽槍	weapon	雲海平原の素材を用いて鍛えた合成武器。店売り品より一段上の火力を持つ。	SSS	94478	0	472	85	0	0	0	0	0	1	1600	2026-06-09 00:45:51	2026-06-11 13:19:29	0	槍		68195	0	
680	天空回廊の光剣	weapon	天空回廊の素材を用いて鍛えた合成武器。店売り品より一段上の火力を持つ。	SSS	96688	0	472	88	0	0	0	0	0	1	1610	2026-06-09 00:45:51	2026-06-11 13:19:29	0	剣		70967	0	
683	雷鳴神殿の雷槍	weapon	雷鳴神殿の素材を用いて鍛えた合成武器。店売り品より一段上の火力を持つ。	SSS	99174	0	472	91	0	0	0	0	0	1	1620	2026-06-09 00:45:51	2026-06-11 13:19:29	0	槍		73500	0	
686	浮遊遺跡の機兵剣	weapon	浮遊遺跡の素材を用いて鍛えた合成武器。店売り品より一段上の火力を持つ。	SSS	101384	0	472	92	0	0	0	0	0	1	1630	2026-06-09 00:45:51	2026-06-11 13:19:29	0	剣		76339	0	
689	天使庭園の聖弓	weapon	天使の庭園の素材を用いて鍛えた合成武器。店売り品より一段上の火力を持つ。	SSS	103870	0	472	0	0	0	94	0	0	1	1640	2026-06-09 00:45:51	2026-06-11 13:19:29	0	弓		79143	0	
692	星辰塔の星剣	weapon	星辰の塔の素材を用いて鍛えた合成武器。店売り品より一段上の火力を持つ。	SSS	106080	0	472	96	0	0	0	0	0	1	1650	2026-06-09 00:45:51	2026-06-11 13:19:29	0	剣		82024	0	
695	神々の祭壇の神槍	weapon	神々の祭壇の素材を用いて鍛えた合成武器。店売り品より一段上の火力を持つ。	SSS	109506	0	472	100	0	0	0	0	0	1	1660	2026-06-09 00:45:51	2026-06-11 13:19:29	0	槍		85131	0	
698	魔王領の黒刃	weapon	魔王領外郭の素材を用いて鍛えた合成武器。店売り品より一段上の火力を持つ。	EX	110224	0	572	101	0	0	0	0	0	1	1670	2026-06-09 00:45:51	2026-06-11 13:19:29	0	剣		88007	0	
701	絶望回廊の絶刃	weapon	絶望の回廊の素材を用いて鍛えた合成武器。店売り品より一段上の火力を持つ。	EX	112710	0	572	102	0	0	0	0	0	1	1680	2026-06-09 00:45:51	2026-06-11 13:19:29	0	剣		91246	0	
704	魔神の大剣	weapon	魔神の間の素材を用いて鍛えた合成武器。店売り品より一段上の火力を持つ。	EX	115196	0	572	104	0	0	0	0	0	1	1690	2026-06-09 00:45:52	2026-06-11 13:19:29	0	剣		94123	0	
707	深淵牢の鎖剣	weapon	深淵の牢獄の素材を用いて鍛えた合成武器。店売り品より一段上の火力を持つ。	EX	117683	0	572	106	0	0	0	0	0	1	1700	2026-06-09 00:45:52	2026-06-11 13:19:29	0	剣		98680	0	
710	黒玉座の王剣	weapon	黒き玉座の素材を用いて鍛えた合成武器。店売り品より一段上の火力を持つ。	EX	120169	0	572	108	0	0	0	0	0	1	1710	2026-06-09 00:45:52	2026-06-11 13:19:29	0	剣		101661	0	
713	魔王城中枢の魔導剣	weapon	魔王城中枢の素材を用いて鍛えた合成武器。店売り品より一段上の火力を持つ。	EX	122655	0	572	112	0	0	0	0	0	1	1720	2026-06-09 00:45:52	2026-06-11 13:19:29	0	剣		105594	0	
716	終焉祭壇の滅剣	weapon	終焉の祭壇の素材を用いて鍛えた合成武器。店売り品より一段上の火力を持つ。	EX	126246	0	572	114	0	0	0	0	0	1	1730	2026-06-09 00:45:52	2026-06-11 13:19:29	0	剣		118938	0	
719	王都兵の剣	weapon	扱いやすい標準武器。物理職全般に向く。	K	500	0	21	0	3	0	0	20	1	1	70	2026-06-09 13:03:07	2026-06-11 13:19:28	0	剣		125	0	1
720	王都兵の斧	weapon	重い一撃に優れる高火力武器。	K	500	0	22	0	0	0	0	20	1	1	80	2026-06-09 13:03:07	2026-06-11 13:19:28	0	斧		125	0	1
721	王都兵の短剣	weapon	素早さと運を伸ばす軽量武器。	K	500	0	16	0	6	0	4	20	1	1	90	2026-06-09 13:03:07	2026-06-11 13:19:28	0	短剣		125	0	1
722	王都兵の弓	weapon	命中と会心を意識した遠距離武器。	K	500	0	17	0	4	0	5	20	1	1	100	2026-06-09 13:03:07	2026-06-11 13:19:28	0	弓		125	0	1
723	王都兵の拳甲	weapon	連撃・格闘職向け。HPと素早さも補う。	K	400	31	15	0	4	0	0	20	1	1	50	2026-06-09 13:03:07	2026-06-11 13:19:28	0	拳		100	0	1
724	王都見習いの杖	weapon	魔法職向け。MAGとMPを大きく伸ばす。	K	500	0	0	0	0	16	0	20	1	1	110	2026-06-09 13:03:07	2026-06-11 13:19:28	3	杖	魔	125	29	1
725	王都兵の槍	weapon	攻撃と防御を両立する安定武器。	K	500	0	18	4	3	0	0	20	1	1	120	2026-06-09 13:03:07	2026-06-11 13:19:28	0	槍		125	0	1
726	王都式短銃	weapon	高価格だが攻撃と運に優れる特殊武器。	K	600	0	18	0	3	0	5	20	1	1	140	2026-06-09 13:03:07	2026-06-11 13:19:28	0	銃		150	0	1
727	王都式魔導具	weapon	魔力と運を伸ばす魔導職向け装備。	K	500	0	0	0	0	16	4	20	1	1	130	2026-06-09 13:03:07	2026-06-11 13:19:28	0	魔導具	魔	125	22	1
728	騎士団の戦斧	weapon	重い一撃に優れる高火力武器。	J	1900	0	43	0	0	0	3	40	1	1	210	2026-06-09 13:03:07	2026-06-11 13:19:28	0	斧		475	0	1
729	影歩きの短剣	weapon	素早さと運を伸ばす軽量武器。	J	1700	0	29	0	10	0	7	40	1	1	160	2026-06-09 13:03:07	2026-06-11 13:19:28	0	短剣		425	0	1
730	王国長弓	weapon	命中と会心を意識した遠距離武器。	J	1800	0	32	0	6	0	8	40	1	1	190	2026-06-09 13:03:07	2026-06-11 13:19:28	0	弓		450	0	1
731	潮騎士の剣	weapon	扱いやすい標準武器。物理職全般に向く。	I	6600	0	65	0	7	0	0	25	1	1	260	2026-06-09 13:03:07	2026-06-11 13:19:28	0	剣		1650	0	2
732	潮風の短剣	weapon	素早さと運を伸ばす軽量武器。	I	6300	0	44	0	17	0	11	25	1	1	250	2026-06-09 13:03:07	2026-06-11 13:19:28	0	短剣		1575	0	2
733	波切りの弓	weapon	命中と会心を意識した遠距離武器。	I	6600	0	52	0	8	0	11	25	1	1	270	2026-06-09 13:03:07	2026-06-11 13:19:28	0	弓		1650	0	2
734	船乗りの拳甲	weapon	連撃・格闘職向け。HPと素早さも補う。	I	5900	95	42	0	10	0	0	25	1	1	240	2026-06-09 13:03:07	2026-06-11 13:19:28	0	拳		1475	0	2
735	海鳴りの杖	weapon	魔法職向け。MAGとMPを大きく伸ばす。	I	6600	0	0	0	0	46	0	25	1	1	280	2026-06-09 13:03:07	2026-06-11 13:19:28	8	杖	魔	1650	91	2
736	銛槍トライデント	weapon	攻撃と防御を両立する安定武器。	I	6900	0	56	10	6	0	0	25	1	1	290	2026-06-09 13:03:07	2026-06-11 13:19:28	0	槍		1725	0	2
737	潮騒の銃	weapon	高価格だが攻撃と運に優れる特殊武器。	I	7600	0	56	0	5	0	13	25	1	1	310	2026-06-09 13:03:07	2026-06-11 13:19:28	0	銃		1900	0	2
738	蒼海の魔導具	weapon	魔力と運を伸ばす魔導職向け装備。	I	7300	0	0	0	0	47	9	25	1	1	300	2026-06-09 13:03:07	2026-06-11 13:19:28	0	魔導具	魔	1825	72	2
739	精霊樹の剣	weapon	扱いやすい標準武器。物理職全般に向く。	H	12700	0	92	0	9	0	0	80	1	1	340	2026-06-09 13:03:07	2026-06-11 13:19:28	0	剣		3175	0	3
740	森守りの戦斧	weapon	重い一撃に優れる高火力武器。	H	13400	0	96	0	0	0	5	80	1	1	370	2026-06-09 13:03:07	2026-06-11 13:19:28	0	斧		3350	0	3
741	木漏れ日の短剣	weapon	素早さと運を伸ばす軽量武器。	H	12100	0	63	0	22	0	16	80	1	1	330	2026-06-09 13:03:07	2026-06-11 13:19:28	0	短剣		3025	0	3
742	精霊弦の弓	weapon	命中と会心を意識した遠距離武器。	H	12700	0	72	0	11	0	17	80	1	1	350	2026-06-09 13:03:07	2026-06-11 13:19:28	0	弓		3175	0	3
743	森霊の拳甲	weapon	連撃・格闘職向け。HPと素早さも補う。	H	11500	135	59	0	15	0	0	80	1	1	320	2026-06-09 13:03:07	2026-06-11 13:19:28	0	拳		2875	0	3
744	精霊樹の杖	weapon	魔法職向け。MAGとMPを大きく伸ばす。	H	12700	0	0	0	0	64	0	80	1	1	360	2026-06-09 13:03:07	2026-06-11 13:19:28	10	杖	魔	3175	128	3
745	若葉の槍	weapon	攻撃と防御を両立する安定武器。	H	13400	0	79	16	8	0	0	80	1	1	380	2026-06-09 13:03:07	2026-06-11 13:19:28	0	槍		3350	0	3
746	翠風の銃	weapon	高価格だが攻撃と運に優れる特殊武器。	H	14700	0	79	0	6	0	18	80	1	1	400	2026-06-09 13:03:07	2026-06-11 13:19:28	0	銃		3675	0	3
747	精霊核の魔導具	weapon	魔力と運を伸ばす魔導職向け装備。	H	14000	0	0	0	0	68	13	80	1	1	390	2026-06-09 13:03:07	2026-06-11 13:19:28	0	魔導具	魔	3500	103	3
748	黒鉄の剣	weapon	扱いやすい標準武器。物理職全般に向く。	G	19800	0	128	0	13	0	0	100	1	1	430	2026-06-09 13:03:07	2026-06-11 13:19:29	0	剣		4950	0	4
749	黒鉄の大斧	weapon	重い一撃に優れる高火力武器。	G	20800	0	136	0	0	0	6	100	1	1	460	2026-06-09 13:03:07	2026-06-11 13:19:29	0	斧		5200	0	4
750	機工短剣	weapon	素早さと運を伸ばす軽量武器。	G	18800	0	88	0	31	0	21	100	1	1	420	2026-06-09 13:03:07	2026-06-11 13:19:29	0	短剣		4700	0	4
751	鋼弦の弓	weapon	命中と会心を意識した遠距離武器。	G	19800	0	103	0	16	0	24	100	1	1	440	2026-06-09 13:03:07	2026-06-11 13:19:29	0	弓		4950	0	4
752	鋼鉄拳甲	weapon	連撃・格闘職向け。HPと素早さも補う。	G	17800	189	83	0	20	0	0	100	1	1	410	2026-06-09 13:03:07	2026-06-11 13:19:29	0	拳		4450	0	4
753	炉心の杖	weapon	魔法職向け。MAGとMPを大きく伸ばす。	G	19800	0	0	0	0	91	0	100	1	1	450	2026-06-09 13:03:07	2026-06-11 13:19:29	16	杖	魔	4950	180	4
754	鋼機の槍	weapon	攻撃と防御を両立する安定武器。	G	20800	0	112	20	10	0	0	100	1	1	470	2026-06-09 13:03:07	2026-06-11 13:19:29	0	槍		5200	0	4
755	工房式ライフル	weapon	高価格だが攻撃と運に優れる特殊武器。	G	22800	0	111	0	8	0	24	100	1	1	490	2026-06-09 13:03:07	2026-06-11 13:19:29	0	銃		5700	0	4
756	炉心魔導盤	weapon	魔力と運を伸ばす魔導職向け装備。	G	21800	0	0	0	0	94	18	100	1	1	480	2026-06-09 13:03:07	2026-06-11 13:19:29	0	魔導具	魔	5450	143	4
757	氷刃の剣	weapon	扱いやすい標準武器。物理職全般に向く。	F	27700	0	178	0	17	0	0	130	1	1	520	2026-06-09 13:03:07	2026-06-11 13:19:29	0	剣		6925	0	5
758	氷砕きの戦斧	weapon	重い一撃に優れる高火力武器。	F	29000	0	188	0	0	0	8	130	1	1	550	2026-06-09 13:03:07	2026-06-11 13:19:29	0	斧		7250	0	5
759	霜影の短剣	weapon	素早さと運を伸ばす軽量武器。	F	26300	0	124	0	43	0	29	130	1	1	510	2026-06-09 13:03:07	2026-06-11 13:19:29	0	短剣		6575	0	5
760	氷弦の弓	weapon	命中と会心を意識した遠距離武器。	F	27700	0	142	0	21	0	32	130	1	1	530	2026-06-09 13:03:07	2026-06-11 13:19:29	0	弓		6925	0	5
761	霜鉄の拳甲	weapon	連撃・格闘職向け。HPと素早さも補う。	F	24900	262	116	0	28	0	0	130	1	1	500	2026-06-09 13:03:07	2026-06-11 13:19:29	0	拳		6225	0	5
762	氷晶の杖	weapon	魔法職向け。MAGとMPを大きく伸ばす。	F	27700	0	0	0	0	125	0	130	1	1	540	2026-06-09 13:03:07	2026-06-11 13:19:29	20	杖	魔	6925	249	5
763	氷槍グレイシア	weapon	攻撃と防御を両立する安定武器。	F	29000	0	153	28	15	0	0	130	1	1	560	2026-06-09 13:03:07	2026-06-11 13:19:29	0	槍		7250	0	5
764	凍結銃	weapon	高価格だが攻撃と運に優れる特殊武器。	F	31800	0	153	0	10	0	32	130	1	1	580	2026-06-09 13:03:07	2026-06-11 13:19:29	0	銃		7950	0	5
765	氷晶魔導具	weapon	魔力と運を伸ばす魔導職向け装備。	F	30400	0	0	0	0	130	24	130	1	1	570	2026-06-09 13:03:07	2026-06-11 13:19:29	0	魔導具	魔	7600	200	5
766	砂王の曲剣	weapon	扱いやすい標準武器。物理職全般に向く。	E	36200	0	223	0	20	0	0	160	1	1	610	2026-06-09 13:03:07	2026-06-11 13:19:29	0	剣		9050	0	6
767	太陽の戦斧	weapon	重い一撃に優れる高火力武器。	E	38000	0	235	0	0	0	9	160	1	1	640	2026-06-09 13:03:07	2026-06-11 13:19:29	0	斧		9500	0	6
768	砂影の短剣	weapon	素早さと運を伸ばす軽量武器。	E	34300	0	154	0	54	0	36	160	1	1	600	2026-06-09 13:03:07	2026-06-11 13:19:29	0	短剣		8575	0	6
769	砂嵐の弓	weapon	命中と会心を意識した遠距離武器。	E	36200	0	178	0	27	0	40	160	1	1	620	2026-06-09 13:03:07	2026-06-11 13:19:29	0	弓		9050	0	6
770	砂鉄の拳甲	weapon	連撃・格闘職向け。HPと素早さも補う。	E	32500	327	145	0	33	0	0	160	1	1	590	2026-06-09 13:03:07	2026-06-11 13:19:29	0	拳		8125	0	6
771	太陽祭司の杖	weapon	魔法職向け。MAGとMPを大きく伸ばす。	E	36200	0	0	0	0	156	0	160	1	1	630	2026-06-09 13:03:07	2026-06-11 13:19:29	25	杖	魔	9050	312	6
772	砂王の槍	weapon	攻撃と防御を両立する安定武器。	E	38000	0	192	35	18	0	0	160	1	1	650	2026-06-09 13:03:07	2026-06-11 13:19:29	0	槍		9500	0	6
773	砂塵銃	weapon	高価格だが攻撃と運に優れる特殊武器。	E	41600	0	191	0	13	0	41	160	1	1	680	2026-06-09 13:03:07	2026-06-11 13:19:29	0	銃		10400	0	6
774	古代砂晶盤	weapon	魔力と運を伸ばす魔導職向け装備。	E	39800	0	0	0	0	163	31	160	1	1	660	2026-06-09 13:03:07	2026-06-11 13:19:29	0	魔導具	魔	9950	249	6
775	冥界の剣	weapon	扱いやすい標準武器。物理職全般に向く。	C	54700	0	311	0	29	0	0	200	1	1	790	2026-06-09 13:03:07	2026-06-11 13:19:29	0	剣		13675	0	8
776	冥府の大斧	weapon	重い一撃に優れる高火力武器。	C	57500	0	326	0	0	0	13	200	1	1	820	2026-06-09 13:03:07	2026-06-11 13:19:29	0	斧		14375	0	8
777	死影の短剣	weapon	素早さと運を伸ばす軽量武器。	C	52000	0	215	0	75	0	51	200	1	1	780	2026-06-09 13:03:07	2026-06-11 13:19:29	0	短剣		13000	0	8
778	冥弦の弓	weapon	命中と会心を意識した遠距離武器。	C	54700	0	248	0	37	0	56	200	1	1	800	2026-06-09 13:03:07	2026-06-11 13:19:29	0	弓		13675	0	8
779	冥鉄の拳甲	weapon	連撃・格闘職向け。HPと素早さも補う。	C	49300	457	202	0	47	0	0	200	1	1	750	2026-06-09 13:03:07	2026-06-11 13:19:29	0	拳		12325	0	8
780	死霊王の杖	weapon	魔法職向け。MAGとMPを大きく伸ばす。	C	54700	0	0	0	0	217	0	200	1	1	810	2026-06-09 13:03:07	2026-06-11 13:19:29	35	杖	魔	13675	435	8
781	冥槍ノクス	weapon	攻撃と防御を両立する安定武器。	C	57500	0	269	48	24	0	0	200	1	1	830	2026-06-09 13:03:07	2026-06-11 13:19:29	0	槍		14375	0	8
782	冥弾銃	weapon	高価格だが攻撃と運に優れる特殊武器。	C	63000	0	268	0	18	0	57	200	1	1	870	2026-06-09 13:03:07	2026-06-11 13:19:29	0	銃		15750	0	8
783	深淵の魔導核	weapon	魔力と運を伸ばす魔導職向け装備。	C	60200	0	0	0	0	227	42	200	1	1	850	2026-06-09 13:03:07	2026-06-11 13:19:29	0	魔導具	魔	15050	348	8
784	天空の剣	weapon	扱いやすい標準武器。物理職全般に向く。	B	64700	0	375	0	35	0	0	230	1	1	890	2026-06-09 13:03:07	2026-06-11 13:19:29	0	剣		16175	0	9
785	天雷の戦斧	weapon	重い一撃に優れる高火力武器。	B	68000	0	393	0	0	0	16	230	1	1	920	2026-06-09 13:03:07	2026-06-11 13:19:29	0	斧		17000	0	9
786	星影の短剣	weapon	素早さと運を伸ばす軽量武器。	B	61500	0	259	0	91	0	60	230	1	1	860	2026-06-09 13:03:07	2026-06-11 13:19:29	0	短剣		15375	0	9
787	星天の弓	weapon	命中と会心を意識した遠距離武器。	B	64700	0	299	0	44	0	66	230	1	1	900	2026-06-09 13:03:07	2026-06-11 13:19:29	0	弓		16175	0	9
788	天翼の拳甲	weapon	連撃・格闘職向け。HPと素早さも補う。	B	58300	550	244	0	57	0	0	230	1	1	840	2026-06-09 13:03:07	2026-06-11 13:19:29	0	拳		14575	0	9
789	天槍アストラ	weapon	攻撃と防御を両立する安定武器。	B	68000	0	323	58	29	0	0	230	1	1	930	2026-06-09 13:03:07	2026-06-11 13:19:29	0	槍		17000	0	9
790	星天の魔導盤	weapon	魔力と運を伸ばす魔導職向け装備。	B	71200	0	0	0	0	274	51	230	1	1	940	2026-06-09 13:03:07	2026-06-11 13:19:29	0	魔導具	魔	17800	420	9
791	覇滅の戦斧	weapon	重い一撃に優れる高火力武器。	A	78900	0	476	0	0	0	19	260	1	1	1000	2026-06-09 13:03:07	2026-06-11 13:19:29	0	斧		19725	0	10
792	黒翼の短剣	weapon	素早さと運を伸ばす軽量武器。	A	71400	0	313	0	108	0	72	260	1	1	950	2026-06-09 13:03:07	2026-06-11 13:19:29	0	短剣		17850	0	10
793	終月の弓	weapon	命中と会心を意識した遠距離武器。	A	75100	0	361	0	54	0	80	260	1	1	990	2026-06-09 13:03:07	2026-06-11 13:19:29	0	弓		18775	0	10
794	覇王の拳甲	weapon	連撃・格闘職向け。HPと素早さも補う。	A	67600	665	294	0	68	0	0	260	1	1	910	2026-06-09 13:03:07	2026-06-11 13:19:29	0	拳		16900	0	10
795	覇滅の魔槍	weapon	攻撃と防御を両立する安定武器。	A	78900	0	391	70	35	0	0	260	1	1	1010	2026-06-09 13:03:07	2026-06-11 13:19:29	0	槍		19725	0	10
796	終焉銃	weapon	高価格だが攻撃と運に優れる特殊武器。	A	86400	0	388	0	25	0	82	260	1	1	1030	2026-06-09 13:03:07	2026-06-11 13:19:29	0	銃		21600	0	10
797	終焉の魔導核	weapon	魔力と運を伸ばす魔導職向け装備。	A	82700	0	0	0	0	332	62	260	1	1	1020	2026-06-09 13:03:07	2026-06-11 13:19:29	0	魔導具	魔	20675	507	10
6	布の服	armor	最低限の防具	normal	10	13	0	13	7	0	0	1	1	1	10	2026-06-05 16:41:52	2026-06-11 14:58:17	0	軽装		3	0	1
7	革の鎧	armor	軽くて動きやすい革鎧	E	100	37	0	22	0	0	0	2	1	1	20	2026-06-05 16:41:52	2026-06-11 14:58:17	0	重装		25	0	1
8	鉄の鎧	armor	防御力の高い鉄鎧	normal	500	37	0	22	0	0	0	5	1	1	690	2026-06-05 16:41:52	2026-06-11 14:58:17	0	重装		125	0	1
9	魔法のローブ	armor	魔力を補うローブ	normal	400	0	0	7	0	7	0	5	1	1	680	2026-06-05 16:41:52	2026-06-11 14:58:17	7	法衣		100	16	1
40	ロックワームの岩鎧	armor	ドロップ品: ロックワームの岩鎧	rare	297	174	0	63	0	0	0	1	0	0	1410	2026-06-07 01:15:40	2026-06-11 14:58:17	0	重装		74	0	
69	ストーンゴーレムの岩鎧	armor	ドロップ品: ストーンゴーレムの岩鎧	rare	297	176	0	63	0	0	0	1	0	0	1420	2026-06-07 01:15:41	2026-06-11 14:58:17	0	重装		74	0	
84	荒くれ航海士の鎧	armor	ドロップ品: 荒くれ航海士の鎧。海賊の隠れ家の耐久型。水属性と周回用の安定感を付与。	rare	6800	83	0	42	4	0	4	34	0	1	1430	2026-06-07 01:15:41	2026-06-11 14:58:17	10	革鎧	水	1700	0	
93	封印の守護者の鎧	armor	ドロップ品: 封印の守護者の鎧	rare	297	334	0	119	0	0	0	1	0	0	1440	2026-06-07 01:15:41	2026-06-11 14:58:17	0	重装		74	0	
101	ルートワームの鎧	armor	ドロップ品: ルートワームの鎧。世界樹の根の耐久型。精霊都市序盤のHP寄り防具。	rare	9800	101	0	52	0	0	0	46	0	1	1450	2026-06-07 01:15:41	2026-06-11 14:58:17	10	重装	水	2450	0	
103	樹海ゴーレムの岩鎧	armor	ドロップ品: 樹海ゴーレムの岩鎧。世界樹の根の重装型。ルートワーム鎧より防御を上に設定。	rare	11000	105	0	59	0	0	0	48	0	1	1460	2026-06-07 01:15:41	2026-06-11 14:58:17	7	重装	水	2750	0	
130	炉跡ゴーレムの岩鎧	armor	ドロップ品: 炉跡ゴーレムの岩鎧。溶鉱炉跡の重装型。鉄鋼都市中盤の重鎧枠。	rare	18000	127	0	73	0	0	0	68	0	1	1470	2026-06-07 01:19:24	2026-06-11 14:58:17	0	重装	無	4500	0	
135	量産ゴーレムの岩鎧	armor	ドロップ品: 量産ゴーレムの岩鎧	rare	297	148	0	53	0	0	0	1	0	0	1480	2026-06-07 01:19:24	2026-06-11 14:58:17	0	重装		74	0	
162	氷キノコの鎧	armor	ドロップ品: 氷キノコの鎧。白銀の森の耐久型。氷属性と精神耐性を持たせた中盤後半防具。	rare	26000	158	0	85	0	0	0	91	0	1	1490	2026-06-07 01:19:25	2026-06-11 14:58:17	28	重装	氷	6500	0	
167	フロストリザードの鱗鎧	armor	ドロップ品: フロストリザードの鱗鎧。氷竜の巣の標準型。重鎧より軽く、DEF/SPR/AGIを分散。	rare	28000	143	0	88	6	0	0	97	0	1	1500	2026-06-07 01:19:25	2026-06-11 14:58:17	22	革鎧	氷	7000	0	
170	雪山ゴーレムの岩鎧	armor	ドロップ品: 雪山ゴーレムの岩鎧。極寒山脈の重装型。雪都終盤の物理防御特化。	rare	30000	173	0	101	0	0	0	98	0	1	1510	2026-06-07 01:19:25	2026-06-11 14:58:17	0	重装	氷	7500	0	
171	ブリザードイーグルの鱗鎧	armor	ドロップ品: ブリザードイーグルの鱗鎧。極寒山脈の標準型。速度と精神を補う軽めの鱗鎧。	rare	29000	128	0	81	13	0	6	98	0	1	1520	2026-06-07 01:19:25	2026-06-11 14:58:17	30	革鎧	氷	7250	0	
172	氷巨人の鎧	armor	ドロップ品: 氷巨人の鎧。極寒山脈のやや強い敵。雪山ゴーレムより総合寄り。	rare	31000	161	0	95	0	0	0	99	0	1	1530	2026-06-07 01:19:25	2026-06-11 14:58:17	22	重装	氷	7750	0	
258	星の守護者の鎧	armor	ドロップ品: 星の守護者の鎧	rare	297	398	0	141	0	0	0	1	0	0	1540	2026-06-07 01:23:57	2026-06-11 14:58:17	0	重装		74	0	
272	鉄格子ゴーレムの岩鎧	armor	ドロップ品: 鉄格子ゴーレムの岩鎧。深淵の牢獄の重装型。魔王城中盤の物理防御特化。	rare	84000	315	0	182	0	0	0	190	0	1	1550	2026-06-07 01:23:57	2026-06-11 14:58:17	0	重装	地	21000	0	
273	深淵ワームの鎧	armor	ドロップ品: 深淵ワームの鎧。深淵の牢獄の耐久型。HP最大級、DEFは鉄格子より下げる。	rare	86000	339	0	173	0	0	0	191	0	1	1560	2026-06-07 01:23:57	2026-06-11 14:58:17	40	重装	無	21500	0	
282	中枢守護機の鎧	armor	ドロップ品: 中枢守護機の鎧。魔王城中枢の標準型。物理と魔法の両面を受ける最終盤レア。	rare	90000	297	0	180	0	0	0	196	0	1	1570	2026-06-07 01:23:57	2026-06-11 14:58:17	56	重装	無	22500	0	
447	騎士の鎧	armor	HPと物理防御を大きく伸ばす、前衛向けの重装防具。	J	2200	20	0	13	0	0	0	40	1	1	30	2026-06-08 13:23:14	2026-06-11 14:58:17	0	重装		550	0	1
457	星詠みの法衣	armor	MP・精神・魔力を伸ばす、魔法職向けの防具。	B	71200	0	0	54	0	54	0	230	1	1	40	2026-06-08 13:23:14	2026-06-11 14:58:17	54	法衣	光	17800	135	9
459	ルーンアーマー	armor	HPと物理防御を大きく伸ばす、前衛向けの重装防具。	D	54200	202	0	123	0	0	0	180	1	1	50	2026-06-08 13:23:14	2026-06-11 14:58:17	0	重装	魔	13550	0	7
460	ルーンローブ	armor	MP・精神・魔力を伸ばす、魔法職向けの防具。	D	49700	0	0	37	0	37	0	180	1	1	60	2026-06-08 13:23:14	2026-06-11 14:58:17	37	法衣	魔	12425	91	7
464	終焉の装束	armor	防御と精神を確保しつつ、素早さと運も伸ばす軽量防具。	A	75100	128	0	128	65	0	0	260	1	1	70	2026-06-08 13:23:14	2026-06-11 14:58:17	0	軽装	闇	18775	0	10
466	終焉の法衣	armor	MP・精神・魔力を伸ばす、魔法職向けの防具。	A	82600	0	0	65	0	65	0	260	1	1	80	2026-06-08 13:23:14	2026-06-11 14:58:17	65	法衣	闇	20650	161	10
482	ルーンマント	armor	防御と精神を確保しつつ、素早さと運も伸ばす軽量防具。	D	45200	71	0	71	36	0	0	180	1	1	90	2026-06-08 13:23:14	2026-06-11 14:58:17	0	軽装	魔	11300	0	7
510	草原旅人の服	armor	はじまりの草原の素材を用いて仕立てた合成防具。探索で集めた素材を防御力へ変える装備。	E	800	19	0	10	10	0	0	2	0	1	710	2026-06-09 00:45:48	2026-06-11 14:58:17	0	軽装		200	0	
513	小鬼避けの服	armor	小鬼の森の素材を用いて仕立てた合成防具。探索で集めた素材を防御力へ変える装備。	E	1400	22	0	10	11	0	0	2	0	1	720	2026-06-09 00:45:49	2026-06-11 14:58:17	0	軽装		350	0	
516	岩窟の鎧	armor	古びた洞窟の素材を用いて仕立てた合成防具。探索で集めた素材を防御力へ変える装備。	E	2700	79	0	10	0	0	0	0	0	1	730	2026-06-09 00:45:49	2026-06-11 14:58:17	0	重装		675	0	
519	狼皮の鎧	armor	狼の丘の素材を用いて仕立てた合成防具。探索で集めた素材を防御力へ変える装備。	E	3800	91	0	10	0	0	0	0	0	1	740	2026-06-09 00:45:49	2026-06-11 14:58:17	0	重装		950	0	
522	墓守の鎧	armor	忘れられた墓地の素材を用いて仕立てた合成防具。探索で集めた素材を防御力へ変える装備。	E	4900	103	0	10	0	0	0	0	0	1	750	2026-06-09 00:45:49	2026-06-11 14:58:17	0	重装		1225	0	
525	泉守りの鎧	armor	妖精の泉の素材を用いて仕立てた合成防具。探索で集めた素材を防御力へ変える装備。	E	6200	117	0	10	0	0	0	0	0	1	760	2026-06-09 00:45:49	2026-06-11 14:58:17	0	重装		1550	0	
528	見習いの胸当て	armor	見習い訓練場の素材を用いて仕立てた合成防具。探索で集めた素材を防御力へ変える装備。	E	6000	65	0	10	33	0	0	0	0	1	770	2026-06-09 00:45:49	2026-06-11 14:58:17	0	軽装		1500	0	
531	潮風の胸当て	armor	潮風の海岸の素材を用いて仕立てた合成防具。探索で集めた素材を防御力へ変える装備。	D	6900	72	0	18	37	0	0	0	0	1	780	2026-06-09 00:45:49	2026-06-11 14:58:17	0	軽装		1725	0	
534	海蝕殻の鎧	armor	海蝕洞窟の素材を用いて仕立てた合成防具。探索で集めた素材を防御力へ変える装備。	D	9900	161	0	18	0	0	0	0	0	1	790	2026-06-09 00:45:49	2026-06-11 14:58:17	0	重装		2475	0	
537	船骸の軽鎧	armor	難破船の残骸の素材を用いて仕立てた合成防具。探索で集めた素材を防御力へ変える装備。	D	11300	178	0	18	0	0	0	0	0	1	800	2026-06-09 00:45:49	2026-06-11 14:58:17	0	重装		2825	0	
540	人魚鱗の服	armor	人魚の入り江の素材を用いて仕立てた合成防具。探索で集めた素材を防御力へ変える装備。	D	10800	66	0	18	33	0	0	7	0	1	810	2026-06-09 00:45:49	2026-06-11 14:58:17	0	軽装		2700	0	
543	海賊革の鎧	armor	海賊の隠れ家の素材を用いて仕立てた合成防具。探索で集めた素材を防御力へ変える装備。	D	14600	216	0	18	0	0	0	0	0	1	820	2026-06-09 00:45:49	2026-06-11 14:58:17	0	重装		3650	0	
546	珊瑚殻の鎧	armor	珊瑚迷宮の素材を用いて仕立てた合成防具。探索で集めた素材を防御力へ変える装備。	D	16200	236	0	18	0	0	0	0	0	1	830	2026-06-09 00:45:49	2026-06-11 14:58:17	0	重装		4050	0	
549	深海祭司の法衣	armor	深海神殿の素材を用いて仕立てた合成防具。探索で集めた素材を防御力へ変える装備。	D	16300	0	0	18	0	35	0	0	0	1	840	2026-06-09 00:45:49	2026-06-11 14:58:17	18	法衣		4075	85	
552	若葉の旅装	armor	若葉の森の素材を用いて仕立てた合成防具。探索で集めた素材を防御力へ変える装備。	C	14400	46	0	28	19	0	19	10	0	1	850	2026-06-09 00:45:49	2026-06-11 14:58:17	28	旅装		3600	0	
555	妖精織りの服	armor	妖精の森の素材を用いて仕立てた合成防具。探索で集めた素材を防御力へ変える装備。	C	17400	96	0	28	49	0	0	11	0	1	860	2026-06-09 00:45:49	2026-06-11 14:58:17	0	軽装		4350	0	
558	根守りの鎧	armor	世界樹の根の素材を用いて仕立てた合成防具。探索で集めた素材を防御力へ変える装備。	C	22500	308	0	28	0	0	0	0	0	1	870	2026-06-09 00:45:49	2026-06-11 14:58:17	0	重装		5625	0	
561	樹皮のローブ	armor	世界樹中層の素材を用いて仕立てた合成防具。探索で集めた素材を防御力へ変える装備。	C	22500	0	0	28	0	44	0	0	0	1	880	2026-06-09 00:45:49	2026-06-11 14:58:17	28	法衣		5625	111	
564	天葉の軽鎧	armor	世界樹上層の素材を用いて仕立てた合成防具。探索で集めた素材を防御力へ変える装備。	C	26500	355	0	28	0	0	0	0	0	1	890	2026-06-09 00:45:49	2026-06-11 14:58:17	0	重装		6625	0	
567	精霊祭服	armor	精霊神殿の素材を用いて仕立てた合成防具。探索で集めた素材を防御力へ変える装備。	C	23800	127	0	28	64	0	0	13	0	1	900	2026-06-09 00:45:49	2026-06-11 14:58:17	0	軽装		5950	0	
570	月光庭園の羽衣	armor	月光庭園の素材を用いて仕立てた合成防具。探索で集めた素材を防御力へ変える装備。	C	25100	132	0	28	68	0	0	14	0	1	910	2026-06-09 00:45:49	2026-06-11 14:58:17	0	軽装		6275	0	
573	鉱夫の重鎧	armor	鉄鉱山の素材を用いて仕立てた合成防具。探索で集めた素材を防御力へ変える装備。	B	31800	415	0	42	0	0	0	0	0	1	920	2026-06-09 00:45:49	2026-06-11 14:58:17	0	重装		7950	0	
576	廃坑の防塵鎧	armor	廃坑の素材を用いて仕立てた合成防具。探索で集めた素材を防御力へ変える装備。	B	33800	439	0	42	0	0	0	0	0	1	930	2026-06-09 00:45:49	2026-06-11 14:58:17	0	重装		8450	0	
579	炉熱の鎧	armor	溶鉱炉跡の素材を用いて仕立てた合成防具。探索で集めた素材を防御力へ変える装備。	B	35800	464	0	42	0	0	0	0	0	1	940	2026-06-09 00:45:49	2026-06-11 14:58:17	0	重装		8950	0	
582	蒸気工の作業鎧	armor	蒸気工場の素材を用いて仕立てた合成防具。探索で集めた素材を防御力へ変える装備。	B	37800	486	0	42	0	0	0	0	0	1	950	2026-06-09 00:45:50	2026-06-11 14:58:17	0	重装		9450	0	
585	機兵装甲	armor	機械兵工場の素材を用いて仕立てた合成防具。探索で集めた素材を防御力へ変える装備。	B	33400	257	0	42	129	0	0	0	0	1	960	2026-06-09 00:45:50	2026-06-11 14:58:17	0	軽装		8350	0	
588	発電所の耐雷鎧	armor	地底発電所の素材を用いて仕立てた合成防具。探索で集めた素材を防御力へ変える装備。	B	42100	536	0	42	0	0	0	0	0	1	970	2026-06-09 00:45:50	2026-06-11 14:58:17	0	重装		10525	0	
591	古代装甲	armor	古代兵器庫の素材を用いて仕立てた合成防具。探索で集めた素材を防御力へ変える装備。	B	36800	281	0	42	141	0	0	0	0	1	980	2026-06-09 00:45:50	2026-06-11 14:58:17	0	軽装		9200	0	
594	氷雪の毛皮鎧	armor	氷雪平原の素材を用いて仕立てた合成防具。探索で集めた素材を防御力へ変える装備。	A	45700	577	0	59	0	0	0	0	0	1	990	2026-06-09 00:45:50	2026-06-11 14:58:17	0	重装		11425	0	
597	吹雪避けの外套	armor	吹雪の峡谷の素材を用いて仕立てた合成防具。探索で集めた素材を防御力へ変える装備。	A	32000	0	0	59	0	0	102	22	0	1	1000	2026-06-09 00:45:50	2026-06-11 14:58:17	59	外套		8000	0	
600	氷晶の鎧	armor	氷結洞窟の素材を用いて仕立てた合成防具。探索で集めた素材を防御力へ変える装備。	A	50400	633	0	59	0	0	0	0	0	1	1010	2026-06-09 00:45:50	2026-06-11 14:58:17	0	重装		12600	0	
603	白銀毛皮の服	armor	白銀の森の素材を用いて仕立てた合成防具。探索で集めた素材を防御力へ変える装備。	A	43600	219	0	59	111	0	0	24	0	1	1020	2026-06-09 00:45:50	2026-06-11 14:58:17	0	軽装		10900	0	
606	凍神官の法衣	armor	凍てつく神殿の素材を用いて仕立てた合成防具。探索で集めた素材を防御力へ変える装備。	A	50100	0	0	59	0	92	0	0	0	1	1030	2026-06-09 00:45:50	2026-06-11 14:58:17	59	法衣		12525	228	
609	氷竜鱗の鎧	armor	氷竜の巣の素材を用いて仕立てた合成防具。探索で集めた素材を防御力へ変える装備。	A	57000	708	0	59	0	0	0	0	0	1	1040	2026-06-09 00:45:50	2026-06-11 14:58:17	0	重装		14250	0	
612	極寒の重鎧	armor	極寒山脈の素材を用いて仕立てた合成防具。探索で集めた素材を防御力へ変える装備。	A	59700	739	0	59	0	0	0	0	0	1	1050	2026-06-09 00:45:50	2026-06-11 14:58:17	0	重装		14925	0	
615	砂渡りの外套	armor	砂海の素材を用いて仕立てた合成防具。探索で集めた素材を防御力へ変える装備。	S	34700	0	0	78	0	0	46	1	0	1	1060	2026-06-09 00:45:50	2026-06-11 14:58:17	77	外套		10175	0	
618	流砂避けの軽鎧	armor	流砂地帯の素材を用いて仕立てた合成防具。探索で集めた素材を防御力へ変える装備。	S	52100	238	0	78	0	0	0	1	0	1	1070	2026-06-09 00:45:50	2026-06-11 14:58:17	0	重装		15900	0	
621	遺跡守りの鎧	armor	古代遺跡の素材を用いて仕立てた合成防具。探索で集めた素材を防御力へ変える装備。	S	52100	238	0	78	0	0	0	1	0	1	1080	2026-06-09 00:45:50	2026-06-11 14:58:17	0	重装		16500	0	
624	王家の墓守鎧	armor	王家の墓の素材を用いて仕立てた合成防具。探索で集めた素材を防御力へ変える装備。	S	52100	238	0	78	0	0	0	1	0	1	1090	2026-06-09 00:45:50	2026-06-11 14:58:17	0	重装		17075	0	
627	砂嵐祭司の法衣	armor	砂嵐の神殿の素材を用いて仕立てた合成防具。探索で集めた素材を防御力へ変える装備。	S	47700	0	0	78	0	64	0	1	0	1	1100	2026-06-09 00:45:50	2026-06-11 14:58:17	77	法衣		16250	291	
630	水路番の胸当て	armor	地下水路の素材を用いて仕立てた合成防具。探索で集めた素材を防御力へ変える装備。	S	43400	101	0	78	51	0	0	1	0	1	1110	2026-06-09 00:45:50	2026-06-11 14:58:17	0	軽装		15275	0	
633	太陽神官の装束	armor	太陽神殿の素材を用いて仕立てた合成防具。探索で集めた素材を防御力へ変える装備。	S	39100	51	0	78	20	0	20	1	0	1	1120	2026-06-09 00:45:50	2026-06-11 14:58:17	77	旅装		14275	0	
636	書庫番のローブ	armor	魔導図書館の素材を用いて仕立てた合成防具。探索で集めた素材を防御力へ変える装備。	S	59600	0	0	100	0	77	0	1	0	1	1130	2026-06-09 00:45:50	2026-06-11 14:58:17	99	法衣		17775	315	
639	禁書守りの法衣	armor	禁書庫の素材を用いて仕立てた合成防具。探索で集めた素材を防御力へ変える装備。	S	59600	0	0	100	0	77	0	1	0	1	1140	2026-06-09 00:45:50	2026-06-11 14:58:17	99	法衣		18375	327	
642	研究員の外套	armor	魔法研究所の素材を用いて仕立てた合成防具。探索で集めた素材を防御力へ変える装備。	S	43400	0	0	100	0	0	56	1	0	1	1150	2026-06-09 00:45:51	2026-06-11 14:58:17	99	外套		13750	0	
645	空庭の羽衣	armor	浮遊庭園の素材を用いて仕立てた合成防具。探索で集めた素材を防御力へ変える装備。	SS	54200	120	0	100	62	0	0	1	0	1	1160	2026-06-09 00:45:51	2026-06-11 14:58:17	0	軽装		17750	0	
648	星読みのローブ	armor	星見の塔の素材を用いて仕立てた合成防具。探索で集めた素材を防御力へ変える装備。	SS	59600	0	0	100	0	77	0	1	0	1	1170	2026-06-09 00:45:51	2026-06-11 14:58:17	99	法衣		20125	357	
651	観測者の外套	armor	異界観測所の素材を用いて仕立てた合成防具。探索で集めた素材を防御力へ変える装備。	SS	43400	0	0	100	0	0	56	1	0	1	1180	2026-06-09 00:45:51	2026-06-11 14:58:17	99	外套		15075	0	
654	次元織りの鎧	armor	次元回廊の素材を用いて仕立てた合成防具。探索で集めた素材を防御力へ変える装備。	SS	65000	289	0	100	0	0	0	1	0	1	1190	2026-06-09 00:45:51	2026-06-11 14:58:17	0	重装		23475	0	
657	荒野亡者の鎧	armor	死者の荒野の素材を用いて仕立てた合成防具。探索で集めた素材を防御力へ変える装備。	SS	78700	339	0	124	0	0	0	1	0	1	1200	2026-06-09 00:45:51	2026-06-11 14:58:17	0	重装		23700	0	
660	呪城の甲冑	armor	呪われた城の素材を用いて仕立てた合成防具。探索で集めた素材を防御力へ変える装備。	SS	65600	142	0	124	72	0	0	1	0	1	1210	2026-06-09 00:45:51	2026-06-11 14:58:17	0	軽装		20375	0	
663	冥門守の鎧	armor	冥界門の素材を用いて仕立てた合成防具。探索で集めた素材を防御力へ変える装備。	SS	78700	339	0	124	0	0	0	1	0	1	1220	2026-06-09 00:45:51	2026-06-11 14:58:17	0	重装		25100	0	
666	悪魔祭司の法衣	armor	悪魔神殿の素材を用いて仕立てた合成防具。探索で集めた素材を防御力へ変える装備。	SS	72200	0	0	124	0	92	0	1	0	1	1230	2026-06-09 00:45:51	2026-06-11 14:58:17	123	法衣		23625	415	
669	魔王軍の重鎧	armor	魔王軍要塞の素材を用いて仕立てた合成防具。探索で集めた素材を防御力へ変える装備。	SS	78700	339	0	124	0	0	0	1	0	1	1240	2026-06-09 00:45:51	2026-06-11 14:58:17	0	重装		26425	0	
672	瘴気避けの鎧	armor	瘴気の谷の素材を用いて仕立てた合成防具。探索で集めた素材を防御力へ変える装備。	SS	78700	339	0	124	0	0	0	1	0	1	1250	2026-06-09 00:45:51	2026-06-11 14:58:17	0	重装		27175	0	
675	奈落歩きの鎧	armor	奈落への階段の素材を用いて仕立てた合成防具。探索で集めた素材を防御力へ変える装備。	SS	78700	339	0	124	0	0	0	1	0	1	1260	2026-06-09 00:45:51	2026-06-11 14:58:17	0	重装		28025	0	
678	雲渡りの服	armor	雲海平原の素材を用いて仕立てた合成防具。探索で集めた素材を防御力へ変える装備。	SSS	77600	165	0	152	83	0	0	1	0	1	1270	2026-06-09 00:45:51	2026-06-11 14:58:17	0	軽装		23625	0	
681	回廊守の鎧	armor	天空回廊の素材を用いて仕立てた合成防具。探索で集めた素材を防御力へ変える装備。	SSS	93100	395	0	152	0	0	0	1	0	1	1280	2026-06-09 00:45:51	2026-06-11 14:58:17	0	重装		29000	0	
684	雷神官の法衣	armor	雷鳴神殿の素材を用いて仕立てた合成防具。探索で集めた素材を防御力へ変える装備。	SSS	85400	0	0	152	0	106	0	1	0	1	1290	2026-06-09 00:45:51	2026-06-11 14:58:17	149	法衣		27275	478	
687	浮遊石の鎧	armor	浮遊遺跡の素材を用いて仕立てた合成防具。探索で集めた素材を防御力へ変える装備。	SSS	93100	395	0	152	0	0	0	1	0	1	1300	2026-06-09 00:45:51	2026-06-11 14:58:17	0	重装		30425	0	
690	天使の羽衣	armor	天使の庭園の素材を用いて仕立てた合成防具。探索で集めた素材を防御力へ変える装備。	SSS	77600	165	0	152	83	0	0	1	0	1	1310	2026-06-09 00:45:51	2026-06-11 14:58:17	0	軽装		25975	0	
693	星辰の法衣	armor	星辰の塔の素材を用いて仕立てた合成防具。探索で集めた素材を防御力へ変える装備。	SSS	85400	0	0	152	0	106	0	1	0	1	1320	2026-06-09 00:45:51	2026-06-11 14:58:17	149	法衣		29175	510	
696	神域の聖鎧	armor	神々の祭壇の素材を用いて仕立てた合成防具。探索で集めた素材を防御力へ変える装備。	SSS	93100	395	0	152	0	0	0	1	0	1	1330	2026-06-09 00:45:51	2026-06-11 14:58:17	0	重装		32850	0	
699	魔王領の黒鎧	armor	魔王領外郭の素材を用いて仕立てた合成防具。探索で集めた素材を防御力へ変える装備。	EX	108100	454	0	183	0	0	0	1	0	1	1340	2026-06-09 00:45:51	2026-06-11 14:58:17	0	重装		33075	0	
702	絶望纏いの鎧	armor	絶望の回廊の素材を用いて仕立てた合成防具。探索で集めた素材を防御力へ変える装備。	EX	108100	454	0	183	0	0	0	1	0	1	1350	2026-06-09 00:45:51	2026-06-11 14:58:17	0	重装		33825	0	
705	魔神甲冑	armor	魔神の間の素材を用いて仕立てた合成防具。探索で集めた素材を防御力へ変える装備。	EX	90100	190	0	183	95	0	0	1	0	1	1360	2026-06-09 00:45:52	2026-06-11 14:58:17	0	軽装		28800	0	
708	深淵牢の鎧	armor	深淵の牢獄の素材を用いて仕立てた合成防具。探索で集めた素材を防御力へ変える装備。	EX	108100	454	0	183	0	0	0	1	0	1	1370	2026-06-09 00:45:52	2026-06-11 14:58:17	0	重装		35300	0	
711	黒玉座の鎧	armor	黒き玉座の素材を用いて仕立てた合成防具。探索で集めた素材を防御力へ変える装備。	EX	108100	454	0	183	0	0	0	1	0	1	1380	2026-06-09 00:45:52	2026-06-11 14:58:17	0	重装		36050	0	
714	中枢炉の装甲	armor	魔王城中枢の素材を用いて仕立てた合成防具。探索で集めた素材を防御力へ変える装備。	EX	90100	190	0	183	95	0	0	1	0	1	1390	2026-06-09 00:45:52	2026-06-11 14:58:17	0	軽装		30675	0	
717	終焉の聖鎧	armor	終焉の祭壇の素材を用いて仕立てた合成防具。探索で集めた素材を防御力へ変える装備。	EX	108100	454	0	183	0	0	0	1	0	1	1400	2026-06-09 00:45:52	2026-06-11 14:58:17	0	重装		37875	0	
814	王都見習いの服	armor	防御と精神を確保しつつ、素早さと運も伸ばす軽量防具。	K	300	4	0	4	3	0	0	20	1	1	660	2026-06-09 13:49:21	2026-06-11 14:58:17	0	軽装		75	0	1
815	王都旅人の服	armor	HP・防御・精神・素早さをほどよく補う、探索向けの汎用防具。	K	300	3	0	4	0	0	0	20	1	1	670	2026-06-09 13:49:21	2026-06-11 14:58:17	3	旅装		75	0	1
816	王都兵の革鎧	armor	重装ほど鈍くなく、軽装より守りが厚い前衛向けの中量防具。	K	400	5	0	4	0	0	0	20	1	1	700	2026-06-09 13:49:21	2026-06-11 14:58:17	0	革鎧		100	0	1
817	王都兵の鎧	armor	HPと物理防御を大きく伸ばす、前衛向けの重装防具。	K	2200	8	0	6	0	0	0	20	1	1	100	2026-06-09 13:49:21	2026-06-11 14:58:17	0	重装		550	0	1
818	王都見習いのローブ	armor	MP・精神・魔力を伸ばす、魔法職向けの防具。	K	2000	0	0	3	0	3	0	20	1	1	110	2026-06-09 13:49:21	2026-06-11 14:58:17	3	法衣		500	4	1
819	王都護符の外套	armor	精神・運・耐性寄り。補助職や安定周回に向いた守護外套。	K	1400	0	0	3	0	0	3	20	1	1	120	2026-06-09 13:49:21	2026-06-11 14:58:17	3	外套		350	0	1
820	王都守備兵の服	armor	防御と精神を確保しつつ、素早さと運も伸ばす軽量防具。	J	1800	8	0	8	5	0	0	40	1	1	130	2026-06-09 13:49:21	2026-06-11 14:58:17	0	軽装		450	0	1
821	王都巡礼服	armor	HP・防御・精神・素早さをほどよく補う、探索向けの汎用防具。	J	1600	4	0	6	3	0	3	40	1	1	140	2026-06-09 13:49:21	2026-06-11 14:58:17	4	旅装		400	0	1
822	王国革鎧	armor	重装ほど鈍くなく、軽装より守りが厚い前衛向けの中量防具。	J	1800	11	0	9	0	0	0	40	1	1	150	2026-06-09 13:49:21	2026-06-11 14:58:17	0	革鎧		450	0	1
823	王都司祭の法衣	armor	MP・精神・魔力を伸ばす、魔法職向けの防具。	J	2000	0	0	4	0	4	0	40	1	1	160	2026-06-09 13:49:21	2026-06-11 14:58:17	4	法衣		500	8	1
824	王都守護外套	armor	精神・運・耐性寄り。補助職や安定周回に向いた守護外套。	J	1400	0	0	5	0	0	4	40	1	1	170	2026-06-09 13:49:21	2026-06-11 14:58:17	5	外套		350	0	1
825	潮風のコート	armor	防御と精神を確保しつつ、素早さと運も伸ばす軽量防具。	I	6600	25	0	25	13	0	0	25	1	1	180	2026-06-09 13:49:21	2026-06-11 14:58:17	0	軽装	水	1650	0	2
826	港町旅装	armor	HP・防御・精神・素早さをほどよく補う、探索向けの汎用防具。	I	5900	13	0	25	6	0	6	25	1	1	190	2026-06-09 13:49:21	2026-06-11 14:58:17	13	旅装	水	1475	0	2
827	船乗りの革鎧	armor	重装ほど鈍くなく、軽装より守りが厚い前衛向けの中量防具。	I	6600	37	0	28	0	0	0	25	1	1	200	2026-06-09 13:49:21	2026-06-11 14:58:17	0	革鎧	水	1650	0	2
828	船守りの胸当て	armor	HPと物理防御を大きく伸ばす、前衛向けの重装防具。	I	7900	49	0	30	0	0	0	25	1	1	210	2026-06-09 13:49:21	2026-06-11 14:58:17	0	重装	水	1975	0	2
829	海鳴りのローブ	armor	MP・精神・魔力を伸ばす、魔法職向けの防具。	I	7300	0	0	13	0	13	0	25	1	1	220	2026-06-09 13:49:21	2026-06-11 14:58:17	13	法衣	水	1825	32	2
830	潮守りの外套	armor	精神・運・耐性寄り。補助職や安定周回に向いた守護外套。	I	5300	0	0	22	0	0	13	25	1	1	230	2026-06-09 13:49:21	2026-06-11 14:58:17	25	外套	水	1325	0	2
831	若葉の衣	armor	防御と精神を確保しつつ、素早さと運も伸ばす軽量防具。	H	12700	20	0	20	10	0	0	80	1	1	240	2026-06-09 13:49:21	2026-06-11 14:58:17	0	軽装	風	3175	0	3
832	森歩きの旅装	armor	HP・防御・精神・素早さをほどよく補う、探索向けの汎用防具。	H	11400	9	0	17	5	0	5	80	1	1	250	2026-06-09 13:49:21	2026-06-11 14:58:17	9	旅装	風	2850	0	3
833	精霊樹の革鎧	armor	重装ほど鈍くなく、軽装より守りが厚い前衛向けの中量防具。	H	12700	32	0	24	0	0	0	80	1	1	260	2026-06-09 13:49:21	2026-06-11 14:58:17	0	革鎧	風	3175	0	3
834	精霊樹の鎧	armor	HPと物理防御を大きく伸ばす、前衛向けの重装防具。	H	15200	57	0	35	0	0	0	80	1	1	270	2026-06-09 13:49:21	2026-06-11 14:58:17	0	重装	風	3800	0	3
835	精霊樹の法衣	armor	MP・精神・魔力を伸ばす、魔法職向けの防具。	H	14000	0	0	10	0	10	0	80	1	1	280	2026-06-09 13:49:21	2026-06-11 14:58:17	10	法衣	風	3500	25	3
836	精霊守りの外套	armor	精神・運・耐性寄り。補助職や安定周回に向いた守護外套。	H	10200	0	0	10	0	0	7	80	1	1	290	2026-06-09 13:49:21	2026-06-11 14:58:17	11	外套	風	2550	0	3
837	黒鉄作業服	armor	防御と精神を確保しつつ、素早さと運も伸ばす軽量防具。	G	19800	30	0	30	16	0	0	100	1	1	300	2026-06-09 13:49:21	2026-06-11 14:58:17	0	軽装	地	4950	0	4
838	黒鉄旅装	armor	HP・防御・精神・素早さをほどよく補う、探索向けの汎用防具。	G	17800	13	0	24	6	0	6	100	1	1	310	2026-06-09 13:49:21	2026-06-11 14:58:17	13	旅装	地	4450	0	4
839	工房革鎧	armor	重装ほど鈍くなく、軽装より守りが厚い前衛向けの中量防具。	G	19800	48	0	36	0	0	0	100	1	1	320	2026-06-09 13:49:21	2026-06-11 14:58:17	0	革鎧	地	4950	0	4
840	黒鉄重鎧	armor	HPと物理防御を大きく伸ばす、前衛向けの重装防具。	G	23800	85	0	52	0	0	0	100	1	1	330	2026-06-09 13:49:21	2026-06-11 14:58:17	0	重装	地	5950	0	4
841	炉心のローブ	armor	MP・精神・魔力を伸ばす、魔法職向けの防具。	G	21800	0	0	16	0	16	0	100	1	1	340	2026-06-09 13:49:21	2026-06-11 14:58:17	16	法衣	地	5450	37	4
842	炉心守りの外套	armor	精神・運・耐性寄り。補助職や安定周回に向いた守護外套。	G	15800	0	0	16	0	0	9	100	1	1	350	2026-06-09 13:49:21	2026-06-11 14:58:17	17	外套	地	3950	0	4
843	氷紋の外套	armor	防御と精神を確保しつつ、素早さと運も伸ばす軽量防具。	F	27700	42	0	42	21	0	0	130	1	1	360	2026-06-09 13:49:21	2026-06-11 14:58:17	0	軽装	氷	6925	0	5
844	雪原旅装	armor	HP・防御・精神・素早さをほどよく補う、探索向けの汎用防具。	F	24900	18	0	33	7	0	7	130	1	1	370	2026-06-09 13:49:21	2026-06-11 14:58:17	18	旅装	氷	6225	0	5
845	霜革の鎧	armor	重装ほど鈍くなく、軽装より守りが厚い前衛向けの中量防具。	F	27700	69	0	51	0	0	0	130	1	1	380	2026-06-09 13:49:21	2026-06-11 14:58:17	0	革鎧	氷	6925	0	5
846	霜鉄の鎧	armor	HPと物理防御を大きく伸ばす、前衛向けの重装防具。	F	33200	119	0	72	0	0	0	130	1	1	390	2026-06-09 13:49:21	2026-06-11 14:58:17	0	重装	氷	8300	0	5
847	氷晶の法衣	armor	MP・精神・魔力を伸ばす、魔法職向けの防具。	F	30500	0	0	22	0	22	0	130	1	1	400	2026-06-09 13:49:21	2026-06-11 14:58:17	22	法衣	氷	7625	54	5
848	氷守りの外套	armor	精神・運・耐性寄り。補助職や安定周回に向いた守護外套。	F	22200	0	0	21	0	0	13	130	1	1	410	2026-06-09 13:49:21	2026-06-11 14:58:17	24	外套	氷	5550	0	5
849	砂影の装束	armor	防御と精神を確保しつつ、素早さと運も伸ばす軽量防具。	E	36200	57	0	57	29	0	0	160	1	1	420	2026-06-09 13:49:21	2026-06-11 14:58:17	0	軽装	地	9050	0	6
850	砂漠旅装	armor	HP・防御・精神・素早さをほどよく補う、探索向けの汎用防具。	E	32600	22	0	44	9	0	9	160	1	1	430	2026-06-09 13:49:21	2026-06-11 14:58:17	22	旅装	地	8150	0	6
851	砂獣革の鎧	armor	重装ほど鈍くなく、軽装より守りが厚い前衛向けの中量防具。	E	36200	91	0	66	0	0	0	160	1	1	440	2026-06-09 13:49:21	2026-06-11 14:58:17	0	革鎧	地	9050	0	6
852	太陽守りの鎧	armor	HPと物理防御を大きく伸ばす、前衛向けの重装防具。	E	43400	158	0	95	0	0	0	160	1	1	450	2026-06-09 13:49:21	2026-06-11 14:58:17	0	重装	地	10850	0	6
853	砂晶の法衣	armor	MP・精神・魔力を伸ばす、魔法職向けの防具。	E	39800	0	0	29	0	29	0	160	1	1	460	2026-06-09 13:49:21	2026-06-11 14:58:17	29	法衣	地	9950	71	6
854	太陽守りの外套	armor	精神・運・耐性寄り。補助職や安定周回に向いた守護外套。	E	29000	0	0	29	0	0	17	160	1	1	470	2026-06-09 13:49:21	2026-06-11 14:58:17	31	外套	地	7250	0	6
855	ルーン旅装	armor	HP・防御・精神・素早さをほどよく補う、探索向けの汎用防具。	D	40700	29	0	57	11	0	11	180	1	1	480	2026-06-09 13:49:21	2026-06-11 14:58:17	29	旅装	魔	10175	0	7
856	魔導革鎧	armor	重装ほど鈍くなく、軽装より守りが厚い前衛向けの中量防具。	D	45200	114	0	83	0	0	0	180	1	1	490	2026-06-09 13:49:21	2026-06-11 14:58:17	0	革鎧	魔	11300	0	7
857	ルーンガード	armor	精神・運・耐性寄り。補助職や安定周回に向いた守護外套。	D	36200	0	0	36	0	0	20	180	1	1	500	2026-06-09 13:49:21	2026-06-11 14:58:17	40	外套	魔	9050	0	7
858	冥界の外套	armor	防御と精神を確保しつつ、素早さと運も伸ばす軽量防具。	C	54700	88	0	88	44	0	0	200	1	1	510	2026-06-09 13:49:21	2026-06-11 14:58:17	0	軽装	闇	13675	0	8
859	冥界旅装	armor	HP・防御・精神・素早さをほどよく補う、探索向けの汎用防具。	C	49200	36	0	71	16	0	16	200	1	1	520	2026-06-09 13:49:21	2026-06-11 14:58:17	36	旅装	闇	12300	0	8
860	冥獣革の鎧	armor	重装ほど鈍くなく、軽装より守りが厚い前衛向けの中量防具。	C	54700	141	0	104	0	0	0	200	1	1	530	2026-06-09 13:49:21	2026-06-11 14:58:17	0	革鎧	闇	13675	0	8
861	冥鉄の鎧	armor	HPと物理防御を大きく伸ばす、前衛向けの重装防具。	C	65600	250	0	151	0	0	0	200	1	1	540	2026-06-09 13:49:21	2026-06-11 14:58:17	0	重装	闇	16400	0	8
862	死霊王の法衣	armor	MP・精神・魔力を伸ばす、魔法職向けの防具。	C	60200	0	0	46	0	46	0	200	1	1	550	2026-06-09 13:49:21	2026-06-11 14:58:17	46	法衣	闇	15050	113	8
863	冥守りの外套	armor	精神・運・耐性寄り。補助職や安定周回に向いた守護外套。	C	43800	0	0	44	0	0	25	200	1	1	560	2026-06-09 13:49:21	2026-06-11 14:58:17	49	外套	闇	10950	0	8
864	星天の羽衣	armor	防御と精神を確保しつつ、素早さと運も伸ばす軽量防具。	B	64700	107	0	107	54	0	0	230	1	1	570	2026-06-09 13:49:21	2026-06-11 14:58:17	0	軽装	光	16175	0	9
865	星天旅装	armor	HP・防御・精神・素早さをほどよく補う、探索向けの汎用防具。	B	58200	43	0	85	18	0	18	230	1	1	580	2026-06-09 13:49:21	2026-06-11 14:58:17	43	旅装	光	14550	0	9
866	天翼革鎧	armor	重装ほど鈍くなく、軽装より守りが厚い前衛向けの中量防具。	B	64700	172	0	126	0	0	0	230	1	1	590	2026-06-09 13:49:21	2026-06-11 14:58:17	0	革鎧	光	16175	0	9
867	天翼の鎧	armor	HPと物理防御を大きく伸ばす、前衛向けの重装防具。	B	77600	306	0	184	0	0	0	230	1	1	600	2026-06-09 13:49:21	2026-06-11 14:58:17	0	重装	光	19400	0	9
868	星守りの外套	armor	精神・運・耐性寄り。補助職や安定周回に向いた守護外套。	B	51800	0	0	53	0	0	30	230	1	1	610	2026-06-09 13:49:21	2026-06-11 14:58:17	59	外套	光	12950	0	9
869	終焉旅装	armor	HP・防御・精神・素早さをほどよく補う、探索向けの汎用防具。	A	67600	52	0	103	21	0	21	260	1	1	620	2026-06-09 13:49:21	2026-06-11 14:58:17	52	旅装	闇	16900	0	10
870	黒翼革鎧	armor	重装ほど鈍くなく、軽装より守りが厚い前衛向けの中量防具。	A	75100	208	0	152	0	0	0	260	1	1	630	2026-06-09 13:49:21	2026-06-11 14:58:17	0	革鎧	闇	18775	0	10
871	覇滅の鎧	armor	HPと物理防御を大きく伸ばす、前衛向けの重装防具。	A	90100	369	0	222	0	0	0	260	1	1	640	2026-06-09 13:49:21	2026-06-11 14:58:17	0	重装	闇	22525	0	10
872	覇王の外套	armor	精神・運・耐性寄り。補助職や安定周回に向いた守護外套。	A	60100	0	0	63	0	0	36	260	1	1	650	2026-06-09 13:49:21	2026-06-11 14:58:17	70	外套	闇	15025	0	10
873	古洞ロックワームの岩鎧	armor	ドロップ品: 古洞ロックワームの岩鎧。王都アークレア・古びた洞窟のロックワーム基準。地域別に分割した固有防具。	rare	900	30	0	20	0	0	0	7	0	1	1410	2026-06-10 09:06:48	2026-06-11 14:58:17	0	重装	無	220	0	
874	海蝕ストーンゴーレムの岩鎧	armor	ドロップ品: 海蝕ストーンゴーレムの岩鎧。港町マリネス・海蝕洞窟のストーンゴーレム基準。地域別に分割した固有防具。	rare	4800	64	0	40	0	0	0	25	0	1	1420	2026-06-10 09:06:48	2026-06-11 14:58:17	0	重装	無	1200	0	
875	深海封印守護者の鎧	armor	ドロップ品: 深海封印守護者の鎧。港町マリネス・深海神殿の封印の守護者基準。地域別に分割した固有防具。	rare	7300	85	0	49	0	0	0	38	0	1	1440	2026-06-10 09:06:48	2026-06-11 14:58:17	16	重装	水	1820	0	
876	蒸気量産ゴーレムの岩鎧	armor	ドロップ品: 蒸気量産ゴーレムの岩鎧。鉄鋼都市グランベルグ・蒸気工場の量産ゴーレム基準。地域別に分割した固有防具。	rare	15600	137	0	81	0	0	0	71	0	1	1480	2026-06-10 09:06:48	2026-06-11 14:58:17	0	重装	機械	3900	0	
877	神域星守護者の鎧	armor	ドロップ品: 神域星守護者の鎧。天空都市セレスティア・神々の祭壇の星の守護者基準。地域別に分割した固有防具。	rare	60900	282	0	161	0	0	10	179	0	1	1540	2026-06-10 09:06:48	2026-06-11 14:58:17	44	重装	光	15220	0	
878	海蝕ロックワームの岩鎧	armor	ドロップ品: 海蝕ロックワームの岩鎧。港町マリネス・海蝕洞窟のロックワーム基準。地域別に分割した固有防具。	rare	4600	57	0	36	0	0	0	24	0	1	1580	2026-06-10 09:06:48	2026-06-11 14:58:17	0	重装	無	1150	0	
879	氷結ロックワームの岩鎧	armor	ドロップ品: 氷結ロックワームの岩鎧。雪都フロストリア・氷結洞窟のロックワーム基準。地域別に分割した固有防具。	rare	20500	156	0	93	0	0	0	87	0	1	1590	2026-06-10 09:06:48	2026-06-11 14:58:17	0	重装	無	5120	0	
880	氷結ストーンゴーレムの岩鎧	armor	ドロップ品: 氷結ストーンゴーレムの岩鎧。雪都フロストリア・氷結洞窟のストーンゴーレム基準。地域別に分割した固有防具。	rare	20900	165	0	100	0	0	0	88	0	1	1600	2026-06-10 09:06:48	2026-06-11 14:58:17	0	重装	無	5220	0	
881	精霊封印守護者の鎧	armor	ドロップ品: 精霊封印守護者の鎧。精霊都市エルフィア・精霊神殿の封印の守護者基準。地域別に分割した固有防具。	rare	11500	113	0	65	0	0	0	56	0	1	1610	2026-06-10 09:06:48	2026-06-11 14:58:17	19	重装	自然	2880	0	
882	凍結封印守護者の鎧	armor	ドロップ品: 凍結封印守護者の鎧。雪都フロストリア・凍てつく神殿の封印の守護者基準。地域別に分割した固有防具。	rare	22500	168	0	97	0	0	0	93	0	1	1620	2026-06-10 09:06:48	2026-06-11 14:58:17	29	重装	氷	5620	0	
883	砂嵐封印守護者の鎧	armor	ドロップ品: 砂嵐封印守護者の鎧。砂都サンドラ・砂嵐の神殿の封印の守護者基準。地域別に分割した固有防具。	rare	29900	200	0	115	0	0	0	113	0	1	1630	2026-06-10 09:06:48	2026-06-11 14:58:17	33	重装	土	7480	0	
884	太陽封印守護者の鎧	armor	ドロップ品: 太陽封印守護者の鎧。砂都サンドラ・太陽神殿の封印の守護者基準。地域別に分割した固有防具。	rare	31900	207	0	119	0	0	0	118	0	1	1640	2026-06-10 09:06:48	2026-06-11 14:58:17	35	重装	光	7980	0	
885	悪魔封印守護者の鎧	armor	ドロップ品: 悪魔封印守護者の鎧。魔界都市ネクロム・悪魔神殿の封印の守護者基準。地域別に分割した固有防具。	rare	46000	256	0	149	0	0	0	150	0	1	1650	2026-06-10 09:06:48	2026-06-11 14:58:17	42	重装	闇	11500	0	
886	雷鳴封印守護者の鎧	armor	ドロップ品: 雷鳴封印守護者の鎧。天空都市セレスティア・雷鳴神殿の封印の守護者基準。地域別に分割した固有防具。	rare	54500	280	0	163	0	0	0	167	0	1	1660	2026-06-10 09:06:48	2026-06-11 14:58:17	46	重装	雷	13620	0	
887	兵工量産ゴーレムの岩鎧	armor	ドロップ品: 兵工量産ゴーレムの岩鎧。鉄鋼都市グランベルグ・機械兵工場の量産ゴーレム基準。地域別に分割した固有防具。	rare	16500	143	0	83	0	0	0	74	0	1	1670	2026-06-10 09:06:48	2026-06-11 14:58:17	0	重装	機械	4120	0	
888	終焉星守護者の鎧	armor	ドロップ品: 終焉星守護者の鎧。魔王城ヴァルゼリア・終焉の祭壇の星の守護者基準。地域別に分割した固有防具。	rare	72400	313	0	179	0	0	13	199	0	1	1680	2026-06-10 09:06:48	2026-06-11 14:58:17	49	重装	闇	18100	0	
