weapon_id	武器名	ランク	装備種別	推奨Lv	価格	売却価格	HP	MP	ATK	DEF	MAG	SPR	SPD	LUK	属性	購入条件	入手区分	説明	実装メモ	rank_sort	unlock_city_id	unlock_city_name	shop_rank	source_power_rank	shop_available	設計メモ
1	王都兵の剣	K	剣	目安Lv20〜40	7390	1848	0	0	17	0	0	0	1	0	無	王都アークレア到達で購入可能	店売り	扱いやすい標準武器。物理職全般に向く。	レベル制限なし。unlock_city_idでショップ表示を制御。S以上はイベント・ドロップ・合成限定想定。	1	1	王都アークレア	K	旧D	TRUE	序盤救済用の下位店売り。レベル制限なし。
2	王都兵の斧	K	斧	目安Lv20〜40	7690	1923	0	0	18	0	0	0	0	0	無	王都アークレア到達で購入可能	店売り	重い一撃に優れる高火力武器。	レベル制限なし。unlock_city_idでショップ表示を制御。S以上はイベント・ドロップ・合成限定想定。	1	1	王都アークレア	K	旧D	TRUE	序盤救済用の下位店売り。レベル制限なし。
3	王都兵の短剣	K	短剣	目安Lv20〜40	7100	1775	0	0	12	0	0	0	4	2	無	王都アークレア到達で購入可能	店売り	素早さと運を伸ばす軽量武器。	レベル制限なし。unlock_city_idでショップ表示を制御。S以上はイベント・ドロップ・合成限定想定。	1	1	王都アークレア	K	旧D	TRUE	序盤救済用の下位店売り。レベル制限なし。
4	王都兵の弓	K	弓	目安Lv20〜40	7390	1848	0	0	13	0	0	0	2	3	無	王都アークレア到達で購入可能	店売り	命中と会心を意識した遠距離武器。	レベル制限なし。unlock_city_idでショップ表示を制御。S以上はイベント・ドロップ・合成限定想定。	1	1	王都アークレア	K	旧D	TRUE	序盤救済用の下位店売り。レベル制限なし。
5	王都兵の拳甲	K	拳	目安Lv20〜40	6510	1628	25	0	11	0	0	0	2	0	無	王都アークレア到達で購入可能	店売り	連撃・格闘職向け。HPと素早さも補う。	レベル制限なし。unlock_city_idでショップ表示を制御。S以上はイベント・ドロップ・合成限定想定。	1	1	王都アークレア	K	旧D	TRUE	序盤救済用の下位店売り。レベル制限なし。
6	王都見習いの杖	K	杖	目安Lv20〜40	7390	1848	0	23	0	0	12	1	0	0	魔	王都アークレア到達で購入可能	店売り	魔法職向け。MAGとMPを大きく伸ばす。	レベル制限なし。unlock_city_idでショップ表示を制御。S以上はイベント・ドロップ・合成限定想定。	1	1	王都アークレア	K	旧D	TRUE	序盤救済用の下位店売り。レベル制限なし。
7	王都兵の槍	K	槍	目安Lv20〜40	7690	1923	0	0	14	2	0	0	1	0	無	王都アークレア到達で購入可能	店売り	攻撃と防御を両立する安定武器。	レベル制限なし。unlock_city_idでショップ表示を制御。S以上はイベント・ドロップ・合成限定想定。	1	1	王都アークレア	K	旧D	TRUE	序盤救済用の下位店売り。レベル制限なし。
8	王都式短銃	K	銃	目安Lv20〜40	8580	2145	0	0	14	0	0	0	1	3	無	王都アークレア到達で購入可能	店売り	高価格だが攻撃と運に優れる特殊武器。	レベル制限なし。unlock_city_idでショップ表示を制御。S以上はイベント・ドロップ・合成限定想定。	1	1	王都アークレア	K	旧D	TRUE	序盤救済用の下位店売り。レベル制限なし。
9	王都式魔導具	K	魔導具	目安Lv20〜40	8280	2070	0	18	0	0	12	0	0	2	魔	王都アークレア到達で購入可能	店売り	魔力と運を伸ばす魔導職向け装備。	レベル制限なし。unlock_city_idでショップ表示を制御。S以上はイベント・ドロップ・合成限定想定。	1	1	王都アークレア	K	旧D	TRUE	序盤救済用の下位店売り。レベル制限なし。
10	騎士の剣	J	剣	目安Lv40〜60	26520	6630	0	0	33	0	0	0	3	0	無	王都アークレア到達で購入可能	店売り	扱いやすい標準武器。物理職全般に向く。	レベル制限なし。unlock_city_idでショップ表示を制御。S以上はイベント・ドロップ・合成限定想定。	2	1	王都アークレア	J	旧C	TRUE	アークレア詰み防止用。攻撃+110級をここで解放。
11	騎士団の戦斧	J	斧	目安Lv40〜60	27700	6925	0	0	35	0	0	0	0	1	無	王都アークレア到達で購入可能	店売り	重い一撃に優れる高火力武器。	レベル制限なし。unlock_city_idでショップ表示を制御。S以上はイベント・ドロップ・合成限定想定。	2	1	王都アークレア	J	旧C	TRUE	アークレア詰み防止用。攻撃+110級をここで解放。
12	影歩きの短剣	J	短剣	目安Lv40〜60	25340	6335	0	0	23	0	0	0	8	5	無	王都アークレア到達で購入可能	店売り	素早さと運を伸ばす軽量武器。	レベル制限なし。unlock_city_idでショップ表示を制御。S以上はイベント・ドロップ・合成限定想定。	2	1	王都アークレア	J	旧C	TRUE	アークレア詰み防止用。攻撃+110級をここで解放。
13	王国長弓	J	弓	目安Lv40〜60	26520	6630	0	0	26	0	0	0	4	6	無	王都アークレア到達で購入可能	店売り	命中と会心を意識した遠距離武器。	レベル制限なし。unlock_city_idでショップ表示を制御。S以上はイベント・ドロップ・合成限定想定。	2	1	王都アークレア	J	旧C	TRUE	アークレア詰み防止用。攻撃+110級をここで解放。
14	鉄拳甲	J	拳	目安Lv40〜60	23860	5965	49	0	21	0	0	0	5	0	無	王都アークレア到達で購入可能	店売り	連撃・格闘職向け。HPと素早さも補う。	レベル制限なし。unlock_city_idでショップ表示を制御。S以上はイベント・ドロップ・合成限定想定。	2	1	王都アークレア	J	旧C	TRUE	アークレア詰み防止用。攻撃+110級をここで解放。
15	賢者見習いの杖	J	杖	目安Lv40〜60	26520	6630	0	46	0	0	23	4	0	0	魔	王都アークレア到達で購入可能	店売り	魔法職向け。MAGとMPを大きく伸ばす。	レベル制限なし。unlock_city_idでショップ表示を制御。S以上はイベント・ドロップ・合成限定想定。	2	1	王都アークレア	J	旧C	TRUE	アークレア詰み防止用。攻撃+110級をここで解放。
16	ハルバード	J	槍	目安Lv40〜60	27700	6925	0	0	29	5	0	0	2	0	無	王都アークレア到達で購入可能	店売り	攻撃と防御を両立する安定武器。	レベル制限なし。unlock_city_idでショップ表示を制御。S以上はイベント・ドロップ・合成限定想定。	2	1	王都アークレア	J	旧C	TRUE	アークレア詰み防止用。攻撃+110級をここで解放。
17	連射銃	J	銃	目安Lv40〜60	30640	7660	0	0	28	0	0	0	2	6	無	王都アークレア到達で購入可能	店売り	高価格だが攻撃と運に優れる特殊武器。	レベル制限なし。unlock_city_idでショップ表示を制御。S以上はイベント・ドロップ・合成限定想定。	2	1	王都アークレア	J	旧C	TRUE	アークレア詰み防止用。攻撃+110級をここで解放。
18	魔導コア	J	魔導具	目安Lv40〜60	29170	7293	0	37	0	0	24	0	0	4	魔	王都アークレア到達で購入可能	店売り	魔力と運を伸ばす魔導職向け装備。	レベル制限なし。unlock_city_idでショップ表示を制御。S以上はイベント・ドロップ・合成限定想定。	2	1	王都アークレア	J	旧C	TRUE	アークレア詰み防止用。攻撃+110級をここで解放。
19	潮騎士の剣	I	剣	目安Lv60〜80	61490	15373	0	0	53	0	0	0	5	0	無	港町マリネス到達で購入可能	店売り	扱いやすい標準武器。物理職全般に向く。	レベル制限なし。unlock_city_idでショップ表示を制御。S以上はイベント・ドロップ・合成限定想定。	3	2	港町マリネス	I	旧B	TRUE	マリネス到達後の標準店売り。
20	海賊狩りの斧	I	斧	目安Lv60〜80	64450	16113	0	0	55	0	0	0	0	2	無	港町マリネス到達で購入可能	店売り	重い一撃に優れる高火力武器。	レベル制限なし。unlock_city_idでショップ表示を制御。S以上はイベント・ドロップ・合成限定想定。	3	2	港町マリネス	I	旧B	TRUE	マリネス到達後の標準店売り。
21	潮風の短剣	I	短剣	目安Lv60〜80	58540	14635	0	0	36	0	0	0	13	9	無	港町マリネス到達で購入可能	店売り	素早さと運を伸ばす軽量武器。	レベル制限なし。unlock_city_idでショップ表示を制御。S以上はイベント・ドロップ・合成限定想定。	3	2	港町マリネス	I	旧B	TRUE	マリネス到達後の標準店売り。
22	波切りの弓	I	弓	目安Lv60〜80	61490	15373	0	0	42	0	0	0	6	9	無	港町マリネス到達で購入可能	店売り	命中と会心を意識した遠距離武器。	レベル制限なし。unlock_city_idでショップ表示を制御。S以上はイベント・ドロップ・合成限定想定。	3	2	港町マリネス	I	旧B	TRUE	マリネス到達後の標準店売り。
23	船乗りの拳甲	I	拳	目安Lv60〜80	55350	13838	78	0	34	0	0	0	8	0	無	港町マリネス到達で購入可能	店売り	連撃・格闘職向け。HPと素早さも補う。	レベル制限なし。unlock_city_idでショップ表示を制御。S以上はイベント・ドロップ・合成限定想定。	3	2	港町マリネス	I	旧B	TRUE	マリネス到達後の標準店売り。
24	海鳴りの杖	I	杖	目安Lv60〜80	61490	15373	0	74	0	0	37	6	0	0	魔	港町マリネス到達で購入可能	店売り	魔法職向け。MAGとMPを大きく伸ばす。	レベル制限なし。unlock_city_idでショップ表示を制御。S以上はイベント・ドロップ・合成限定想定。	3	2	港町マリネス	I	旧B	TRUE	マリネス到達後の標準店売り。
25	銛槍トライデント	I	槍	目安Lv60〜80	64450	16113	0	0	45	8	0	0	4	0	無	港町マリネス到達で購入可能	店売り	攻撃と防御を両立する安定武器。	レベル制限なし。unlock_city_idでショップ表示を制御。S以上はイベント・ドロップ・合成限定想定。	3	2	港町マリネス	I	旧B	TRUE	マリネス到達後の標準店売り。
26	潮騒の銃	I	銃	目安Lv60〜80	70600	17650	0	0	45	0	0	0	3	10	無	港町マリネス到達で購入可能	店売り	高価格だが攻撃と運に優れる特殊武器。	レベル制限なし。unlock_city_idでショップ表示を制御。S以上はイベント・ドロップ・合成限定想定。	3	2	港町マリネス	I	旧B	TRUE	マリネス到達後の標準店売り。
27	蒼海の魔導具	I	魔導具	目安Lv60〜80	67640	16910	0	59	0	0	38	0	0	7	魔	港町マリネス到達で購入可能	店売り	魔力と運を伸ばす魔導職向け装備。	レベル制限なし。unlock_city_idでショップ表示を制御。S以上はイベント・ドロップ・合成限定想定。	3	2	港町マリネス	I	旧B	TRUE	マリネス到達後の標準店売り。
28	精霊樹の剣	H	剣	目安Lv80〜100	115270	28818	0	0	75	0	0	0	7	0	無	精霊都市エルフィア到達で購入可能	店売り	扱いやすい標準武器。物理職全般に向く。	レベル制限なし。unlock_city_idでショップ表示を制御。S以上はイベント・ドロップ・合成限定想定。	4	3	精霊都市エルフィア	H	旧A	TRUE	精霊都市到達後の標準店売り。
29	森守りの戦斧	H	斧	目安Lv80〜100	121030	30258	0	0	79	0	0	0	0	3	無	精霊都市エルフィア到達で購入可能	店売り	重い一撃に優れる高火力武器。	レベル制限なし。unlock_city_idでショップ表示を制御。S以上はイベント・ドロップ・合成限定想定。	4	3	精霊都市エルフィア	H	旧A	TRUE	精霊都市到達後の標準店売り。
30	木漏れ日の短剣	H	短剣	目安Lv80〜100	109500	27375	0	0	51	0	0	0	18	12	無	精霊都市エルフィア到達で購入可能	店売り	素早さと運を伸ばす軽量武器。	レベル制限なし。unlock_city_idでショップ表示を制御。S以上はイベント・ドロップ・合成限定想定。	4	3	精霊都市エルフィア	H	旧A	TRUE	精霊都市到達後の標準店売り。
31	精霊弦の弓	H	弓	目安Lv80〜100	115270	28818	0	0	59	0	0	0	9	13	無	精霊都市エルフィア到達で購入可能	店売り	命中と会心を意識した遠距離武器。	レベル制限なし。unlock_city_idでショップ表示を制御。S以上はイベント・ドロップ・合成限定想定。	4	3	精霊都市エルフィア	H	旧A	TRUE	精霊都市到達後の標準店売り。
32	森霊の拳甲	H	拳	目安Lv80〜100	103740	25935	110	0	48	0	0	0	11	0	無	精霊都市エルフィア到達で購入可能	店売り	連撃・格闘職向け。HPと素早さも補う。	レベル制限なし。unlock_city_idでショップ表示を制御。S以上はイベント・ドロップ・合成限定想定。	4	3	精霊都市エルフィア	H	旧A	TRUE	精霊都市到達後の標準店売り。
33	精霊樹の杖	H	杖	目安Lv80〜100	115270	28818	0	105	0	0	52	8	0	0	魔	精霊都市エルフィア到達で購入可能	店売り	魔法職向け。MAGとMPを大きく伸ばす。	レベル制限なし。unlock_city_idでショップ表示を制御。S以上はイベント・ドロップ・合成限定想定。	4	3	精霊都市エルフィア	H	旧A	TRUE	精霊都市到達後の標準店売り。
34	若葉の槍	H	槍	目安Lv80〜100	121030	30258	0	0	64	12	0	0	6	0	無	精霊都市エルフィア到達で購入可能	店売り	攻撃と防御を両立する安定武器。	レベル制限なし。unlock_city_idでショップ表示を制御。S以上はイベント・ドロップ・合成限定想定。	4	3	精霊都市エルフィア	H	旧A	TRUE	精霊都市到達後の標準店売り。
35	翠風の銃	H	銃	目安Lv80〜100	132550	33138	0	0	64	0	0	0	4	14	無	精霊都市エルフィア到達で購入可能	店売り	高価格だが攻撃と運に優れる特殊武器。	レベル制限なし。unlock_city_idでショップ表示を制御。S以上はイベント・ドロップ・合成限定想定。	4	3	精霊都市エルフィア	H	旧A	TRUE	精霊都市到達後の標準店売り。
36	精霊核の魔導具	H	魔導具	目安Lv80〜100	126790	31698	0	84	0	0	55	0	0	10	魔	精霊都市エルフィア到達で購入可能	店売り	魔力と運を伸ばす魔導職向け装備。	レベル制限なし。unlock_city_idでショップ表示を制御。S以上はイベント・ドロップ・合成限定想定。	4	3	精霊都市エルフィア	H	旧A	TRUE	精霊都市到達後の標準店売り。
37	黒鉄の剣	G	剣	目安Lv100〜130	212730	53183	0	0	105	0	0	0	10	0	無	鉄鋼都市グランベルグ到達で購入可能	店売り	扱いやすい標準武器。物理職全般に向く。	レベル制限なし。unlock_city_idでショップ表示を制御。S以上はイベント・ドロップ・合成限定想定。	5	4	鉄鋼都市グランベルグ	G	旧S	TRUE	鉄鋼都市到達後の標準店売り。
38	黒鉄の大斧	G	斧	目安Lv100〜130	223370	55843	0	0	111	0	0	0	0	4	無	鉄鋼都市グランベルグ到達で購入可能	店売り	重い一撃に優れる高火力武器。	レベル制限なし。unlock_city_idでショップ表示を制御。S以上はイベント・ドロップ・合成限定想定。	5	4	鉄鋼都市グランベルグ	G	旧S	TRUE	鉄鋼都市到達後の標準店売り。
39	機工短剣	G	短剣	目安Lv100〜130	202100	50525	0	0	72	0	0	0	25	17	無	鉄鋼都市グランベルグ到達で購入可能	店売り	素早さと運を伸ばす軽量武器。	レベル制限なし。unlock_city_idでショップ表示を制御。S以上はイベント・ドロップ・合成限定想定。	5	4	鉄鋼都市グランベルグ	G	旧S	TRUE	鉄鋼都市到達後の標準店売り。
40	鋼弦の弓	G	弓	目安Lv100〜130	212730	53183	0	0	84	0	0	0	12	19	無	鉄鋼都市グランベルグ到達で購入可能	店売り	命中と会心を意識した遠距離武器。	レベル制限なし。unlock_city_idでショップ表示を制御。S以上はイベント・ドロップ・合成限定想定。	5	4	鉄鋼都市グランベルグ	G	旧S	TRUE	鉄鋼都市到達後の標準店売り。
41	鋼鉄拳甲	G	拳	目安Lv100〜130	191460	47865	155	0	68	0	0	0	16	0	無	鉄鋼都市グランベルグ到達で購入可能	店売り	連撃・格闘職向け。HPと素早さも補う。	レベル制限なし。unlock_city_idでショップ表示を制御。S以上はイベント・ドロップ・合成限定想定。	5	4	鉄鋼都市グランベルグ	G	旧S	TRUE	鉄鋼都市到達後の標準店売り。
42	炉心の杖	G	杖	目安Lv100〜130	212730	53183	0	148	0	0	74	12	0	0	魔	鉄鋼都市グランベルグ到達で購入可能	店売り	魔法職向け。MAGとMPを大きく伸ばす。	レベル制限なし。unlock_city_idでショップ表示を制御。S以上はイベント・ドロップ・合成限定想定。	5	4	鉄鋼都市グランベルグ	G	旧S	TRUE	鉄鋼都市到達後の標準店売り。
43	鋼機の槍	G	槍	目安Lv100〜130	223370	55843	0	0	91	16	0	0	8	0	無	鉄鋼都市グランベルグ到達で購入可能	店売り	攻撃と防御を両立する安定武器。	レベル制限なし。unlock_city_idでショップ表示を制御。S以上はイベント・ドロップ・合成限定想定。	5	4	鉄鋼都市グランベルグ	G	旧S	TRUE	鉄鋼都市到達後の標準店売り。
44	工房式ライフル	G	銃	目安Lv100〜130	244640	61160	0	0	90	0	0	0	6	19	無	鉄鋼都市グランベルグ到達で購入可能	店売り	高価格だが攻撃と運に優れる特殊武器。	レベル制限なし。unlock_city_idでショップ表示を制御。S以上はイベント・ドロップ・合成限定想定。	5	4	鉄鋼都市グランベルグ	G	旧S	TRUE	鉄鋼都市到達後の標準店売り。
45	炉心魔導盤	G	魔導具	目安Lv100〜130	234010	58503	0	118	0	0	77	0	0	14	魔	鉄鋼都市グランベルグ到達で購入可能	店売り	魔力と運を伸ばす魔導職向け装備。	レベル制限なし。unlock_city_idでショップ表示を制御。S以上はイベント・ドロップ・合成限定想定。	5	4	鉄鋼都市グランベルグ	G	旧S	TRUE	鉄鋼都市到達後の標準店売り。
46	氷刃の剣	F	剣	目安Lv130〜160	379760	94940	0	0	146	0	0	0	13	0	無	雪都フロストリア到達で購入可能	店売り	扱いやすい標準武器。物理職全般に向く。	レベル制限なし。unlock_city_idでショップ表示を制御。S以上はイベント・ドロップ・合成限定想定。	6	5	雪都フロストリア	F	旧SS	TRUE	雪都到達後の標準店売り。
47	氷砕きの戦斧	F	斧	目安Lv130〜160	398750	99688	0	0	154	0	0	0	0	6	無	雪都フロストリア到達で購入可能	店売り	重い一撃に優れる高火力武器。	レベル制限なし。unlock_city_idでショップ表示を制御。S以上はイベント・ドロップ・合成限定想定。	6	5	雪都フロストリア	F	旧SS	TRUE	雪都到達後の標準店売り。
48	霜影の短剣	F	短剣	目安Lv130〜160	360770	90193	0	0	101	0	0	0	35	23	無	雪都フロストリア到達で購入可能	店売り	素早さと運を伸ばす軽量武器。	レベル制限なし。unlock_city_idでショップ表示を制御。S以上はイベント・ドロップ・合成限定想定。	6	5	雪都フロストリア	F	旧SS	TRUE	雪都到達後の標準店売り。
49	氷弦の弓	F	弓	目安Lv130〜160	379760	94940	0	0	117	0	0	0	17	26	無	雪都フロストリア到達で購入可能	店売り	命中と会心を意識した遠距離武器。	レベル制限なし。unlock_city_idでショップ表示を制御。S以上はイベント・ドロップ・合成限定想定。	6	5	雪都フロストリア	F	旧SS	TRUE	雪都到達後の標準店売り。
50	霜鉄の拳甲	F	拳	目安Lv130〜160	341790	85448	216	0	95	0	0	0	22	0	無	雪都フロストリア到達で購入可能	店売り	連撃・格闘職向け。HPと素早さも補う。	レベル制限なし。unlock_city_idでショップ表示を制御。S以上はイベント・ドロップ・合成限定想定。	6	5	雪都フロストリア	F	旧SS	TRUE	雪都到達後の標準店売り。
51	氷晶の杖	F	杖	目安Lv130〜160	379760	94940	0	205	0	0	102	16	0	0	魔	雪都フロストリア到達で購入可能	店売り	魔法職向け。MAGとMPを大きく伸ばす。	レベル制限なし。unlock_city_idでショップ表示を制御。S以上はイベント・ドロップ・合成限定想定。	6	5	雪都フロストリア	F	旧SS	TRUE	雪都到達後の標準店売り。
52	氷槍グレイシア	F	槍	目安Lv130〜160	398750	99688	0	0	126	22	0	0	11	0	無	雪都フロストリア到達で購入可能	店売り	攻撃と防御を両立する安定武器。	レベル制限なし。unlock_city_idでショップ表示を制御。S以上はイベント・ドロップ・合成限定想定。	6	5	雪都フロストリア	F	旧SS	TRUE	雪都到達後の標準店売り。
53	凍結銃	F	銃	目安Lv130〜160	436730	109183	0	0	126	0	0	0	8	26	無	雪都フロストリア到達で購入可能	店売り	高価格だが攻撃と運に優れる特殊武器。	レベル制限なし。unlock_city_idでショップ表示を制御。S以上はイベント・ドロップ・合成限定想定。	6	5	雪都フロストリア	F	旧SS	TRUE	雪都到達後の標準店売り。
54	氷晶魔導具	F	魔導具	目安Lv130〜160	417740	104435	0	164	0	0	107	0	0	19	魔	雪都フロストリア到達で購入可能	店売り	魔力と運を伸ばす魔導職向け装備。	レベル制限なし。unlock_city_idでショップ表示を制御。S以上はイベント・ドロップ・合成限定想定。	6	5	雪都フロストリア	F	旧SS	TRUE	雪都到達後の標準店売り。
55	砂王の曲剣	E	剣	目安Lv160〜180	565210	141303	0	0	183	0	0	0	16	0	無	砂都サンドラ到達で購入可能	店売り	扱いやすい標準武器。物理職全般に向く。	レベル制限なし。unlock_city_idでショップ表示を制御。S以上はイベント・ドロップ・合成限定想定。	7	6	砂都サンドラ	E	旧SSS	TRUE	砂都到達後の標準店売り。
56	太陽の戦斧	E	斧	目安Lv160〜180	593480	148370	0	0	193	0	0	0	0	7	無	砂都サンドラ到達で購入可能	店売り	重い一撃に優れる高火力武器。	レベル制限なし。unlock_city_idでショップ表示を制御。S以上はイベント・ドロップ・合成限定想定。	7	6	砂都サンドラ	E	旧SSS	TRUE	砂都到達後の標準店売り。
57	砂影の短剣	E	短剣	目安Lv160〜180	536950	134238	0	0	127	0	0	0	44	29	無	砂都サンドラ到達で購入可能	店売り	素早さと運を伸ばす軽量武器。	レベル制限なし。unlock_city_idでショップ表示を制御。S以上はイベント・ドロップ・合成限定想定。	7	6	砂都サンドラ	E	旧SSS	TRUE	砂都到達後の標準店売り。
58	砂嵐の弓	E	弓	目安Lv160〜180	565210	141303	0	0	146	0	0	0	21	32	無	砂都サンドラ到達で購入可能	店売り	命中と会心を意識した遠距離武器。	レベル制限なし。unlock_city_idでショップ表示を制御。S以上はイベント・ドロップ・合成限定想定。	7	6	砂都サンドラ	E	旧SSS	TRUE	砂都到達後の標準店売り。
59	砂鉄の拳甲	E	拳	目安Lv160〜180	508690	127173	270	0	119	0	0	0	27	0	無	砂都サンドラ到達で購入可能	店売り	連撃・格闘職向け。HPと素早さも補う。	レベル制限なし。unlock_city_idでショップ表示を制御。S以上はイベント・ドロップ・合成限定想定。	7	6	砂都サンドラ	E	旧SSS	TRUE	砂都到達後の標準店売り。
60	太陽祭司の杖	E	杖	目安Lv160〜180	565210	141303	0	257	0	0	128	20	0	0	魔	砂都サンドラ到達で購入可能	店売り	魔法職向け。MAGとMPを大きく伸ばす。	レベル制限なし。unlock_city_idでショップ表示を制御。S以上はイベント・ドロップ・合成限定想定。	7	6	砂都サンドラ	E	旧SSS	TRUE	砂都到達後の標準店売り。
61	砂王の槍	E	槍	目安Lv160〜180	593480	148370	0	0	158	28	0	0	14	0	無	砂都サンドラ到達で購入可能	店売り	攻撃と防御を両立する安定武器。	レベル制限なし。unlock_city_idでショップ表示を制御。S以上はイベント・ドロップ・合成限定想定。	7	6	砂都サンドラ	E	旧SSS	TRUE	砂都到達後の標準店売り。
62	砂塵銃	E	銃	目安Lv160〜180	650000	162500	0	0	157	0	0	0	10	33	無	砂都サンドラ到達で購入可能	店売り	高価格だが攻撃と運に優れる特殊武器。	レベル制限なし。unlock_city_idでショップ表示を制御。S以上はイベント・ドロップ・合成限定想定。	7	6	砂都サンドラ	E	旧SSS	TRUE	砂都到達後の標準店売り。
63	古代砂晶盤	E	魔導具	目安Lv160〜180	621740	155435	0	205	0	0	134	0	0	25	魔	砂都サンドラ到達で購入可能	店売り	魔力と運を伸ばす魔導職向け装備。	レベル制限なし。unlock_city_idでショップ表示を制御。S以上はイベント・ドロップ・合成限定想定。	7	6	砂都サンドラ	E	旧SSS	TRUE	砂都到達後の標準店売り。
64	ルーンブレード	D	剣	目安Lv180〜200	746410	186603	0	0	215	0	0	0	19	0	無	魔導都市ルミナス到達で購入可能	店売り	扱いやすい標準武器。物理職全般に向く。	レベル制限なし。unlock_city_idでショップ表示を制御。S以上はイベント・ドロップ・合成限定想定。	8	7	魔導都市ルミナス	D	旧EX	TRUE	魔導都市到達後の標準店売り。
65	ルーンアクス	D	斧	目安Lv180〜200	783730	195933	0	0	226	0	0	0	0	8	無	魔導都市ルミナス到達で購入可能	店売り	重い一撃に優れる高火力武器。	レベル制限なし。unlock_city_idでショップ表示を制御。S以上はイベント・ドロップ・合成限定想定。	8	7	魔導都市ルミナス	D	旧EX	TRUE	魔導都市到達後の標準店売り。
66	ルーンダガー	D	短剣	目安Lv180〜200	709090	177273	0	0	148	0	0	0	51	34	無	魔導都市ルミナス到達で購入可能	店売り	素早さと運を伸ばす軽量武器。	レベル制限なし。unlock_city_idでショップ表示を制御。S以上はイベント・ドロップ・合成限定想定。	8	7	魔導都市ルミナス	D	旧EX	TRUE	魔導都市到達後の標準店売り。
67	ルーンボウ	D	弓	目安Lv180〜200	746410	186603	0	0	171	0	0	0	25	37	無	魔導都市ルミナス到達で購入可能	店売り	命中と会心を意識した遠距離武器。	レベル制限なし。unlock_city_idでショップ表示を制御。S以上はイベント・ドロップ・合成限定想定。	8	7	魔導都市ルミナス	D	旧EX	TRUE	魔導都市到達後の標準店売り。
68	ルーンナックル	D	拳	目安Lv180〜200	671770	167943	316	0	139	0	0	0	32	0	無	魔導都市ルミナス到達で購入可能	店売り	連撃・格闘職向け。HPと素早さも補う。	レベル制限なし。unlock_city_idでショップ表示を制御。S以上はイベント・ドロップ・合成限定想定。	8	7	魔導都市ルミナス	D	旧EX	TRUE	魔導都市到達後の標準店売り。
69	ルーンスタッフ	D	杖	目安Lv180〜200	746410	186603	0	301	0	0	150	23	0	0	魔	魔導都市ルミナス到達で購入可能	店売り	魔法職向け。MAGとMPを大きく伸ばす。	レベル制限なし。unlock_city_idでショップ表示を制御。S以上はイベント・ドロップ・合成限定想定。	8	7	魔導都市ルミナス	D	旧EX	TRUE	魔導都市到達後の標準店売り。
70	ルーンランス	D	槍	目安Lv180〜200	783730	195933	0	0	185	32	0	0	16	0	無	魔導都市ルミナス到達で購入可能	店売り	攻撃と防御を両立する安定武器。	レベル制限なし。unlock_city_idでショップ表示を制御。S以上はイベント・ドロップ・合成限定想定。	8	7	魔導都市ルミナス	D	旧EX	TRUE	魔導都市到達後の標準店売り。
71	ルーンライフル	D	銃	目安Lv180〜200	858370	214593	0	0	184	0	0	0	11	38	無	魔導都市ルミナス到達で購入可能	店売り	高価格だが攻撃と運に優れる特殊武器。	レベル制限なし。unlock_city_idでショップ表示を制御。S以上はイベント・ドロップ・合成限定想定。	8	7	魔導都市ルミナス	D	旧EX	TRUE	魔導都市到達後の標準店売り。
72	ルーンオーブ	D	魔導具	目安Lv180〜200	821050	205263	0	241	0	0	157	0	0	29	魔	魔導都市ルミナス到達で購入可能	店売り	魔力と運を伸ばす魔導職向け装備。	レベル制限なし。unlock_city_idでショップ表示を制御。S以上はイベント・ドロップ・合成限定想定。	8	7	魔導都市ルミナス	D	旧EX	TRUE	魔導都市到達後の標準店売り。
73	冥界の剣	C	剣	目安Lv200〜230	1020120	255030	0	0	256	0	0	0	23	0	無	魔界都市ネクロム到達で購入可能	店売り	扱いやすい標準武器。物理職全般に向く。	レベル制限なし。unlock_city_idでショップ表示を制御。S以上はイベント・ドロップ・合成限定想定。	9	8	魔界都市ネクロム	C	新設	TRUE	魔界都市向けに新設。旧EXの約1.35倍。
74	冥府の大斧	C	斧	目安Lv200〜230	1071130	267783	0	0	269	0	0	0	0	10	無	魔界都市ネクロム到達で購入可能	店売り	重い一撃に優れる高火力武器。	レベル制限なし。unlock_city_idでショップ表示を制御。S以上はイベント・ドロップ・合成限定想定。	9	8	魔界都市ネクロム	C	新設	TRUE	魔界都市向けに新設。旧EXの約1.35倍。
75	死影の短剣	C	短剣	目安Lv200〜230	969120	242280	0	0	177	0	0	0	61	41	無	魔界都市ネクロム到達で購入可能	店売り	素早さと運を伸ばす軽量武器。	レベル制限なし。unlock_city_idでショップ表示を制御。S以上はイベント・ドロップ・合成限定想定。	9	8	魔界都市ネクロム	C	新設	TRUE	魔界都市向けに新設。旧EXの約1.35倍。
76	冥弦の弓	C	弓	目安Lv200〜230	1020120	255030	0	0	204	0	0	0	30	45	無	魔界都市ネクロム到達で購入可能	店売り	命中と会心を意識した遠距離武器。	レベル制限なし。unlock_city_idでショップ表示を制御。S以上はイベント・ドロップ・合成限定想定。	9	8	魔界都市ネクロム	C	新設	TRUE	魔界都市向けに新設。旧EXの約1.35倍。
77	冥鉄の拳甲	C	拳	目安Lv200〜230	918110	229528	377	0	166	0	0	0	38	0	無	魔界都市ネクロム到達で購入可能	店売り	連撃・格闘職向け。HPと素早さも補う。	レベル制限なし。unlock_city_idでショップ表示を制御。S以上はイベント・ドロップ・合成限定想定。	9	8	魔界都市ネクロム	C	新設	TRUE	魔界都市向けに新設。旧EXの約1.35倍。
78	死霊王の杖	C	杖	目安Lv200〜230	1020120	255030	0	359	0	0	179	28	0	0	魔	魔界都市ネクロム到達で購入可能	店売り	魔法職向け。MAGとMPを大きく伸ばす。	レベル制限なし。unlock_city_idでショップ表示を制御。S以上はイベント・ドロップ・合成限定想定。	9	8	魔界都市ネクロム	C	新設	TRUE	魔界都市向けに新設。旧EXの約1.35倍。
79	冥槍ノクス	C	槍	目安Lv200〜230	1071130	267783	0	0	221	39	0	0	19	0	無	魔界都市ネクロム到達で購入可能	店売り	攻撃と防御を両立する安定武器。	レベル制限なし。unlock_city_idでショップ表示を制御。S以上はイベント・ドロップ・合成限定想定。	9	8	魔界都市ネクロム	C	新設	TRUE	魔界都市向けに新設。旧EXの約1.35倍。
80	冥弾銃	C	銃	目安Lv200〜230	1173140	293285	0	0	220	0	0	0	14	46	無	魔界都市ネクロム到達で購入可能	店売り	高価格だが攻撃と運に優れる特殊武器。	レベル制限なし。unlock_city_idでショップ表示を制御。S以上はイベント・ドロップ・合成限定想定。	9	8	魔界都市ネクロム	C	新設	TRUE	魔界都市向けに新設。旧EXの約1.35倍。
81	深淵の魔導核	C	魔導具	目安Lv200〜230	1122130	280533	0	287	0	0	187	0	0	34	魔	魔界都市ネクロム到達で購入可能	店売り	魔力と運を伸ばす魔導職向け装備。	レベル制限なし。unlock_city_idでショップ表示を制御。S以上はイベント・ドロップ・合成限定想定。	9	8	魔界都市ネクロム	C	新設	TRUE	魔界都市向けに新設。旧EXの約1.35倍。
82	天空の剣	B	剣	目安Lv230〜260	1409310	352328	0	0	309	0	0	0	28	0	無	天空都市セレスティア到達で購入可能	店売り	扱いやすい標準武器。物理職全般に向く。	レベル制限なし。unlock_city_idでショップ表示を制御。S以上はイベント・ドロップ・合成限定想定。	10	9	天空都市セレスティア	B	新設	TRUE	天空都市向けに新設。旧EXの約1.80倍。
83	天雷の戦斧	B	斧	目安Lv230〜260	1479780	369945	0	0	324	0	0	0	0	12	無	天空都市セレスティア到達で購入可能	店売り	重い一撃に優れる高火力武器。	レベル制限なし。unlock_city_idでショップ表示を制御。S以上はイベント・ドロップ・合成限定想定。	10	9	天空都市セレスティア	B	新設	TRUE	天空都市向けに新設。旧EXの約1.80倍。
84	星影の短剣	B	短剣	目安Lv230〜260	1338840	334710	0	0	213	0	0	0	74	49	無	天空都市セレスティア到達で購入可能	店売り	素早さと運を伸ばす軽量武器。	レベル制限なし。unlock_city_idでショップ表示を制御。S以上はイベント・ドロップ・合成限定想定。	10	9	天空都市セレスティア	B	新設	TRUE	天空都市向けに新設。旧EXの約1.80倍。
85	星天の弓	B	弓	目安Lv230〜260	1409310	352328	0	0	246	0	0	0	36	54	無	天空都市セレスティア到達で購入可能	店売り	命中と会心を意識した遠距離武器。	レベル制限なし。unlock_city_idでショップ表示を制御。S以上はイベント・ドロップ・合成限定想定。	10	9	天空都市セレスティア	B	新設	TRUE	天空都市向けに新設。旧EXの約1.80倍。
86	天翼の拳甲	B	拳	目安Lv230〜260	1268380	317095	454	0	200	0	0	0	46	0	無	天空都市セレスティア到達で購入可能	店売り	連撃・格闘職向け。HPと素早さも補う。	レベル制限なし。unlock_city_idでショップ表示を制御。S以上はイベント・ドロップ・合成限定想定。	10	9	天空都市セレスティア	B	新設	TRUE	天空都市向けに新設。旧EXの約1.80倍。
87	星詠みの杖	B	杖	目安Lv230〜260	1409310	352328	0	432	0	0	216	34	0	0	魔	天空都市セレスティア到達で購入可能	店売り	魔法職向け。MAGとMPを大きく伸ばす。	レベル制限なし。unlock_city_idでショップ表示を制御。S以上はイベント・ドロップ・合成限定想定。	10	9	天空都市セレスティア	B	新設	TRUE	天空都市向けに新設。旧EXの約1.80倍。
88	天槍アストラ	B	槍	目安Lv230〜260	1479780	369945	0	0	266	47	0	0	23	0	無	天空都市セレスティア到達で購入可能	店売り	攻撃と防御を両立する安定武器。	レベル制限なし。unlock_city_idでショップ表示を制御。S以上はイベント・ドロップ・合成限定想定。	10	9	天空都市セレスティア	B	新設	TRUE	天空都市向けに新設。旧EXの約1.80倍。
89	星弾銃	B	銃	目安Lv230〜260	1620710	405178	0	0	265	0	0	0	16	55	無	天空都市セレスティア到達で購入可能	店売り	高価格だが攻撃と運に優れる特殊武器。	レベル制限なし。unlock_city_idでショップ表示を制御。S以上はイベント・ドロップ・合成限定想定。	10	9	天空都市セレスティア	B	新設	TRUE	天空都市向けに新設。旧EXの約1.80倍。
90	星天の魔導盤	B	魔導具	目安Lv230〜260	1550240	387560	0	346	0	0	226	0	0	41	魔	天空都市セレスティア到達で購入可能	店売り	魔力と運を伸ばす魔導職向け装備。	レベル制限なし。unlock_city_idでショップ表示を制御。S以上はイベント・ドロップ・合成限定想定。	10	9	天空都市セレスティア	B	新設	TRUE	天空都市向けに新設。旧EXの約1.80倍。
91	終焉の剣	A	剣	目安Lv260〜300	1971640	492910	0	0	374	0	0	0	33	0	無	魔王城ヴァルゼリア到達で購入可能	店売り	扱いやすい標準武器。物理職全般に向く。	レベル制限なし。unlock_city_idでショップ表示を制御。S以上はイベント・ドロップ・合成限定想定。	11	10	魔王城ヴァルゼリア	A	新設	TRUE	魔王城向けに新設。旧EXの約2.35倍。
92	覇滅の戦斧	A	斧	目安Lv260〜300	2070220	517555	0	0	392	0	0	0	0	15	無	魔王城ヴァルゼリア到達で購入可能	店売り	重い一撃に優れる高火力武器。	レベル制限なし。unlock_city_idでショップ表示を制御。S以上はイベント・ドロップ・合成限定想定。	11	10	魔王城ヴァルゼリア	A	新設	TRUE	魔王城向けに新設。旧EXの約2.35倍。
93	黒翼の短剣	A	短剣	目安Lv260〜300	1873060	468265	0	0	258	0	0	0	89	59	無	魔王城ヴァルゼリア到達で購入可能	店売り	素早さと運を伸ばす軽量武器。	レベル制限なし。unlock_city_idでショップ表示を制御。S以上はイベント・ドロップ・合成限定想定。	11	10	魔王城ヴァルゼリア	A	新設	TRUE	魔王城向けに新設。旧EXの約2.35倍。
94	終月の弓	A	弓	目安Lv260〜300	1971640	492910	0	0	298	0	0	0	44	65	無	魔王城ヴァルゼリア到達で購入可能	店売り	命中と会心を意識した遠距離武器。	レベル制限なし。unlock_city_idでショップ表示を制御。S以上はイベント・ドロップ・合成限定想定。	11	10	魔王城ヴァルゼリア	A	新設	TRUE	魔王城向けに新設。旧EXの約2.35倍。
95	覇王の拳甲	A	拳	目安Lv260〜300	1774470	443618	549	0	242	0	0	0	55	0	無	魔王城ヴァルゼリア到達で購入可能	店売り	連撃・格闘職向け。HPと素早さも補う。	レベル制限なし。unlock_city_idでショップ表示を制御。S以上はイベント・ドロップ・合成限定想定。	11	10	魔王城ヴァルゼリア	A	新設	TRUE	魔王城向けに新設。旧EXの約2.35倍。
96	終焉の杖	A	杖	目安Lv260〜300	1971640	492910	0	523	0	0	261	41	0	0	魔	魔王城ヴァルゼリア到達で購入可能	店売り	魔法職向け。MAGとMPを大きく伸ばす。	レベル制限なし。unlock_city_idでショップ表示を制御。S以上はイベント・ドロップ・合成限定想定。	11	10	魔王城ヴァルゼリア	A	新設	TRUE	魔王城向けに新設。旧EXの約2.35倍。
97	覇滅の魔槍	A	槍	目安Lv260〜300	2070220	517555	0	0	322	57	0	0	28	0	無	魔王城ヴァルゼリア到達で購入可能	店売り	攻撃と防御を両立する安定武器。	レベル制限なし。unlock_city_idでショップ表示を制御。S以上はイベント・ドロップ・合成限定想定。	11	10	魔王城ヴァルゼリア	A	新設	TRUE	魔王城向けに新設。旧EXの約2.35倍。
98	終焉銃	A	銃	目安Lv260〜300	2267380	566845	0	0	320	0	0	0	20	67	無	魔王城ヴァルゼリア到達で購入可能	店売り	高価格だが攻撃と運に優れる特殊武器。	レベル制限なし。unlock_city_idでショップ表示を制御。S以上はイベント・ドロップ・合成限定想定。	11	10	魔王城ヴァルゼリア	A	新設	TRUE	魔王城向けに新設。旧EXの約2.35倍。
99	終焉の魔導核	A	魔導具	目安Lv260〜300	2168800	542200	0	418	0	0	273	0	0	50	魔	魔王城ヴァルゼリア到達で購入可能	店売り	魔力と運を伸ばす魔導職向け装備。	レベル制限なし。unlock_city_idでショップ表示を制御。S以上はイベント・ドロップ・合成限定想定。	11	10	魔王城ヴァルゼリア	A	新設	TRUE	魔王城向けに新設。旧EXの約2.35倍。
