Enemy ID	Enemy Name	Enemy Area ID	Item ID	Item Name	Item Type	Drop Rate (%)	Min Lvl	Max Lvl	Is Active
1	スライム	1	30	スライムの印	accessory	1.20	1		0
2	野うさぎ	1	31	野うさぎの足飾り	accessory	2.00	1		0
3	草原コウモリ	1	32	草原コウモリの羽飾り	accessory	1.50	1		0
4	見習い盗賊	1	33	見習い盗賊の印	accessory	0.80	1		0
5	草むらウルフ	1	34	草むらウルフの印	accessory	0.60	1		0
7	ゴブリン	2	35	ゴブリン弓兵の弓	weapon	2.00	1		0
8	ゴブリン弓兵	2	35	ゴブリン弓兵の弓	weapon	2.00	1		0
8	ゴブリン弓兵	2	36	森スライムの印	accessory	1.00	1		0
9	森スライム	2	36	森スライムの印	accessory	1.00	1		0
9	森スライム	2	37	小鬼シャーマンの印	accessory	0.80	1		0
10	小鬼シャーマン	2	37	小鬼シャーマンの印	accessory	0.80	1		0
10	小鬼シャーマン	2	38	ゴブリン隊長の印	accessory	0.60	1		0
11	ゴブリン隊長	2	38	ゴブリン隊長の印	accessory	0.60	1		0
11	ゴブリン隊長	2	39	洞窟コウモリの羽飾り	accessory	2.00	1		0
12	小鬼の森の親分	2	873	古洞ロックワームの岩鎧	armor	2.00	1		0
13	古洞コウモリ	3	39	洞窟コウモリの羽飾り	accessory	2.00	1		0
13	古洞コウモリ	3	41	スケルトン見習いの骨剣	weapon	1.50	1		0
14	古洞ワーム	3	42	石かじりネズミの印	accessory	0.80	1		0
14	古洞ワーム	3	873	古洞ロックワームの岩鎧	armor	2.00	1		0
15	スケルトン見習い	3	41	スケルトン見習いの骨剣	weapon	1.50	1		0
15	スケルトン見習い	3	43	洞窟トロルの印	accessory	0.60	1		0
16	石かじりネズミ	3	42	石かじりネズミの印	accessory	0.80	1		0
16	石かじりネズミ	3	44	丘ウルフの印	accessory	1.20	1		0
17	洞窟トロル	3	43	洞窟トロルの印	accessory	0.60	1		0
17	洞窟トロル	3	45	銀毛ウルフの印	accessory	1.20	1		0
18	洞窟の番人スカルナイト	3	46	ハーピーの羽飾り	accessory	1.50	1		0
19	丘ウルフ	4	44	丘ウルフの印	accessory	1.20	1		0
19	丘ウルフ	4	47	ならず者斥候の印	accessory	0.80	1		0
20	銀毛ウルフ	4	45	銀毛ウルフの印	accessory	1.20	1		0
20	銀毛ウルフ	4	48	群れの長の印	accessory	0.60	1		0
21	ハーピー	4	46	ハーピーの羽飾り	accessory	1.50	1		0
21	ハーピー	4	49	ゾンビの印	accessory	1.20	1		0
22	ならず者斥候	4	47	ならず者斥候の印	accessory	0.80	1		0
22	ならず者斥候	4	50	スケルトンの骨剣	weapon	2.00	1		0
23	群れの長	4	48	群れの長の印	accessory	0.60	1		0
23	群れの長	4	51	墓守の亡霊の印	accessory	1.00	1		0
24	銀狼ガルム	4	52	呪いガラスの印	accessory	0.80	1		0
25	ゾンビ	5	49	ゾンビの印	accessory	1.20	1		0
25	ゾンビ	5	53	墓地の騎士の印	accessory	0.60	1		0
26	スケルトン	5	50	スケルトンの骨剣	weapon	2.00	1		0
26	スケルトン	5	54	泉スライムの印	accessory	1.20	1		0
27	墓守の亡霊	5	51	墓守の亡霊の印	accessory	1.00	1		0
27	墓守の亡霊	5	55	フェアリーの耳飾り	accessory	1.50	1		0
28	呪いガラス	5	52	呪いガラスの印	accessory	0.80	1		0
28	呪いガラス	5	56	水精の子の印	accessory	1.00	1		0
29	墓地の騎士	5	53	墓地の騎士の印	accessory	0.60	1		0
29	墓地の騎士	5	57	いたずらピクシーの印	accessory	0.80	1		0
30	墓守リッチ	5	58	泉の番人の印	accessory	0.60	1		0
31	泉スライム	6	54	泉スライムの印	accessory	1.20	1		0
31	泉スライム	6	59	訓練兵の武器	weapon	2.00	1		0
32	泉のフェアリー	6	55	フェアリーの耳飾り	accessory	2.00	1		0
32	泉のフェアリー	6	60	見習い剣士の剣	weapon	2.00	1		0
33	水精の子	6	56	水精の子の印	accessory	1.00	1		0
33	水精の子	6	61	見習い魔術師の印	accessory	1.00	1		0
34	いたずらピクシー	6	57	いたずらピクシーの印	accessory	0.80	1		0
34	いたずらピクシー	6	62	教官の影の印	accessory	0.80	1		0
35	泉の番人	6	58	泉の番人の印	accessory	0.60	1		0
36	泉の妖精王ニンフィア	6	64	シーラットの首飾り	accessory	2.00	1		0
37	訓練兵	7	59	訓練兵の武器	weapon	2.00	1		0
37	訓練兵	7	65	浜辺クラブの印	accessory	1.20	1		0
38	見習い剣士	7	60	見習い剣士の剣	weapon	2.00	1		0
38	見習い剣士	7	66	潮風スライムの印	accessory	1.00	1		0
39	見習い魔術師	7	61	見習い魔術師の印	accessory	1.00	1		0
39	見習い魔術師	7	67	海鳥ハンターの印	accessory	0.80	1		0
40	教官の影	7	62	教官の影の印	accessory	0.80	1		0
40	教官の影	7	68	リーフリザードの印	accessory	0.60	1		0
41	ゴブリンキング	7	39	洞窟コウモリの羽飾り	accessory	2.00	1		0
41	ゴブリンキング	7	63	ゴブリンキングの王印	accessory	0.50	1		0
42	訓練教官バルド	7	292	訓練教官バルドの王印	accessory	100.00	1		0
42	訓練教官バルド	7	873	古洞ロックワームの岩鎧	armor	2.00	1		0
43	シーラット	8	64	シーラットの首飾り	accessory	2.00	1		0
43	シーラット	8	121	ストーンゴーレムの刻印	accessory	0.80	1		0
43	シーラット	8	880	氷結ストーンゴーレムの岩鎧	armor	1.50	1		0
44	浜辺クラブ	8	65	浜辺クラブの印	accessory	1.20	1		0
44	浜辺クラブ	8	70	地底トカゲの印	accessory	0.80	1		0
44	浜辺クラブ	8	158	地底トカゲの刻印	accessory	0.80	1		0
45	潮風スライム	8	66	潮風スライムの印	accessory	1.00	1		0
45	潮風スライム	8	71	洞窟の主の印	accessory	0.60	1		0
45	潮風スライム	8	159	洞窟の主の刻印	accessory	0.60	1		0
46	海鳥ハンター	8	67	海鳥ハンターの印	accessory	0.80	1		0
46	海鳥ハンター	8	72	亡霊船員の印	accessory	1.20	1		0
47	リーフリザード	8	68	リーフリザードの印	accessory	0.60	1		0
47	リーフリザード	8	73	沈没船スライムの印	accessory	1.20	1		0
48	潮騒の大ガニ	8	74	錆びた甲板兵の武器	weapon	1.50	1		0
49	海蝕コウモリ	9	39	洞窟コウモリの羽飾り	accessory	2.00	1		0
49	海蝕コウモリ	9	75	海賊ゴーストの印	accessory	0.80	1		0
50	海蝕ワーム	9	76	船底クラーケンの印	accessory	0.60	1		0
50	海蝕ワーム	9	878	海蝕ロックワームの岩鎧	armor	2.00	1		0
51	海蝕ゴーレム	9	77	マーメイドの印	accessory	1.20	1		0
51	海蝕ゴーレム	9	880	氷結ストーンゴーレムの岩鎧	armor	1.50	1		0
52	海蝕トカゲ	9	70	地底トカゲの印	accessory	0.80	1		0
52	海蝕トカゲ	9	78	泡の精霊の耳飾り	accessory	2.00	1		0
53	海蝕洞窟主	9	71	洞窟の主の印	accessory	0.60	1		0
53	海蝕洞窟主	9	79	シーサーペント幼体の印	accessory	1.00	1		0
54	海蝕甲殻獣シェルバイト	9	80	歌う貝の印	accessory	0.80	1		0
55	亡霊船員	10	72	亡霊船員の印	accessory	1.20	1		0
55	亡霊船員	10	81	入り江の守護者の印	accessory	0.60	1		0
56	沈没船スライム	10	73	沈没船スライムの印	accessory	1.20	1		0
56	沈没船スライム	10	82	海賊下っ端のカトラス	weapon	2.00	1		0
57	錆びた甲板兵	10	74	錆びた甲板兵の武器	weapon	1.50	1		0
57	錆びた甲板兵	10	83	海賊射手のカトラス	weapon	2.00	1		0
58	海賊ゴースト	10	75	海賊ゴーストの印	accessory	0.80	1		0
58	海賊ゴースト	10	84	荒くれ航海士の鎧	armor	1.50	1		0
59	船底クラーケン	10	76	船底クラーケンの印	accessory	0.60	1		0
59	船底クラーケン	10	85	爆弾使いの印	accessory	0.80	1		0
60	幽霊船長バルボス	10	86	海賊王の副官の印	accessory	0.60	1		0
61	マーメイド	11	77	マーメイドの印	accessory	1.20	1		0
61	マーメイド	11	87	珊瑚スライムの印	accessory	1.20	1		0
62	泡の精霊	11	78	泡の精霊の耳飾り	accessory	2.00	1		0
62	泡の精霊	11	88	リーフガーディアンの印	accessory	1.20	1		0
63	シーサーペント幼体	11	79	シーサーペント幼体の印	accessory	1.00	1		0
63	シーサーペント幼体	11	89	迷宮クラブの印	accessory	1.00	1		0
64	歌う貝	11	80	歌う貝の印	accessory	0.80	1		0
64	歌う貝	11	90	毒イソギンチャクの印	accessory	0.80	1		0
65	入り江の守護者	11	81	入り江の守護者の印	accessory	0.60	1		0
65	入り江の守護者	11	91	珊瑚の魔獣の印	accessory	0.60	1		0
66	人魚姫セイレーン	11	92	神殿兵の武器	weapon	2.00	1		0
67	海賊下っ端	12	82	海賊下っ端のカトラス	weapon	2.00	1		0
67	海賊下っ端	12	881	精霊封印守護者の鎧	armor	2.00	1		0
68	海賊射手	12	83	海賊射手のカトラス	weapon	2.00	1		0
68	海賊射手	12	94	祭壇スライムの印	accessory	1.00	1		0
68	海賊射手	12	111	祭壇スライムの刻印	accessory	1.00	1		0
69	荒くれ航海士	12	84	荒くれ航海士の鎧	armor	1.50	1		0
69	荒くれ航海士	12	95	古代司祭の刻印	accessory	0.80	1		0
70	爆弾使い	12	85	爆弾使いの印	accessory	0.80	1		0
71	海賊王の副官	12	86	海賊王の副官の印	accessory	0.60	1		0
71	海賊王の副官	12	97	森ウルフの刻印	accessory	1.20	1		0
72	海賊頭ドレイク	12	98	ツリースピリットの印	accessory	1.20	1		0
73	珊瑚スライム	13	55	フェアリーの耳飾り	accessory	1.50	1		0
73	珊瑚スライム	13	87	珊瑚スライムの印	accessory	1.20	1		0
74	リーフガーディアン	13	88	リーフガーディアンの印	accessory	1.20	1		0
74	リーフガーディアン	13	99	毒キノコの刻印	accessory	0.80	1		0
75	迷宮クラブ	13	89	迷宮クラブの印	accessory	1.00	1		0
75	迷宮クラブ	13	100	森の守護獣の刻印	accessory	0.60	1		0
76	毒イソギンチャク	13	90	毒イソギンチャクの印	accessory	0.80	1		0
76	毒イソギンチャク	13	97	森ウルフの刻印	accessory	1.20	1		0
77	珊瑚の魔獣	13	91	珊瑚の魔獣の印	accessory	0.60	1		0
77	珊瑚の魔獣	13	98	ツリースピリットの印	accessory	1.20	1		0
78	珊瑚の迷宮主コーラルゴーレム	13	55	フェアリーの耳飾り	accessory	1.50	1		0
79	深海神殿兵	14	92	神殿兵の武器	weapon	2.00	1		0
79	深海神殿兵	14	99	毒キノコの刻印	accessory	0.80	1		0
80	深海封印守	14	100	森の守護獣の刻印	accessory	0.60	1		0
80	深海封印守	14	881	精霊封印守護者の鎧	armor	2.00	1		0
81	深海祭壇スライム	14	94	祭壇スライムの印	accessory	1.00	1		0
81	深海祭壇スライム	14	101	ルートワームの鎧	armor	2.00	1		0
82	深海司祭	14	95	古代司祭の刻印	accessory	0.80	1		0
82	深海司祭	14	102	絡み草の印	accessory	1.20	1		0
83	深海神殿主	14	96	神殿の主の王印	accessory	0.50	1		0
83	深海神殿主	14	103	樹海ゴーレムの岩鎧	armor	1.50	1		0
84	深海神官ネレウス	14	104	毒花の刻印	accessory	0.80	1		0
84	深海神官ネレウス	14	299	深海神官ネレウスの王印	accessory	100.00	1		0
85	若葉ウルフ	15	97	森ウルフの刻印	accessory	1.20	1		0
85	若葉ウルフ	15	105	根の番人の刻印	accessory	0.60	1		0
86	若葉ツリースピリット	15	98	ツリースピリットの印	accessory	1.20	1		0
86	若葉ツリースピリット	15	106	世界樹の精の印	accessory	1.20	1		0
87	若葉フェアリー	15	55	フェアリーの耳飾り	accessory	1.50	1		0
87	若葉フェアリー	15	107	風の妖精の耳飾り	accessory	2.00	1		0
88	若葉毒キノコ	15	99	毒キノコの刻印	accessory	0.80	1		0
88	若葉毒キノコ	15	108	樹上ハーピーの羽飾り	accessory	1.50	1		0
89	若葉守護獣	15	100	森の守護獣の刻印	accessory	0.60	1		0
89	若葉守護獣	15	109	葉隠れ弓兵の刻印	accessory	0.80	1		0
90	若葉の守護獣フォレストボア	15	110	枝の守護者の刻印	accessory	0.60	1		0
91	妖精森ウルフ	16	97	森ウルフの刻印	accessory	1.20	1		0
91	妖精森ウルフ	16	106	世界樹の精の印	accessory	1.20	1		0
92	妖精森ツリースピリット	16	98	ツリースピリットの印	accessory	1.20	1		0
92	妖精森ツリースピリット	16	107	風の妖精の耳飾り	accessory	2.00	1		0
93	森フェアリー	16	55	フェアリーの耳飾り	accessory	1.50	1		0
93	森フェアリー	16	108	樹上ハーピーの羽飾り	accessory	1.50	1		0
94	妖精森毒キノコ	16	99	毒キノコの刻印	accessory	0.80	1		0
94	妖精森毒キノコ	16	109	葉隠れ弓兵の刻印	accessory	0.80	1		0
95	妖精森守護獣	16	100	森の守護獣の刻印	accessory	0.60	1		0
95	妖精森守護獣	16	110	枝の守護者の刻印	accessory	0.60	1		0
96	妖精女王リリア	16	92	神殿兵の武器	weapon	2.00	1		0
97	ルートワーム	17	101	ルートワームの鎧	armor	2.00	1		0
97	ルートワーム	17	881	精霊封印守護者の鎧	armor	2.00	1		0
98	絡み草	17	94	祭壇スライムの印	accessory	1.00	1		0
98	絡み草	17	102	絡み草の印	accessory	1.20	1		0
98	絡み草	17	111	祭壇スライムの刻印	accessory	1.00	1		0
99	樹海ゴーレム	17	95	古代司祭の刻印	accessory	0.80	1		0
99	樹海ゴーレム	17	103	樹海ゴーレムの岩鎧	armor	1.50	1		0
100	毒花	17	96	神殿の主の王印	accessory	100.00	1		0
100	毒花	17	104	毒花の刻印	accessory	0.80	1		0
100	毒花	17	112	神殿の主の刻印	accessory	0.60	1		0
101	根の番人	17	105	根の番人の刻印	accessory	0.60	1		0
101	根の番人	17	113	月光ピクシーの刻印	accessory	1.20	1		0
102	世界樹の根喰いワーム	17	114	庭園の騎士の剣	weapon	2.00	1		0
103	中層世界樹精	18	106	世界樹の精の印	accessory	1.20	1		0
103	中層世界樹精	18	115	光る蝶の護符	accessory	1.50	1		0
104	中層風妖精	18	107	風の妖精の耳飾り	accessory	2.00	1		0
104	中層風妖精	18	116	星草スライムの刻印	accessory	0.80	1		0
105	中層ハーピー	18	108	樹上ハーピーの羽飾り	accessory	1.50	1		0
106	中層葉隠れ弓兵	18	109	葉隠れ弓兵の刻印	accessory	0.80	1		0
106	中層葉隠れ弓兵	18	118	鉱山ネズミの首飾り	accessory	2.00	1		0
107	中層枝守護者	18	110	枝の守護者の刻印	accessory	0.60	1		0
107	中層枝守護者	18	119	鉄殻虫の印	accessory	1.20	1		0
108	樹霊エルドラン	18	120	鉱夫ゴーストの刻印	accessory	1.00	1		0
109	上層世界樹精	19	106	世界樹の精の印	accessory	1.20	1		0
109	上層世界樹精	19	121	ストーンゴーレムの刻印	accessory	0.80	1		0
109	上層世界樹精	19	880	氷結ストーンゴーレムの岩鎧	armor	1.50	1		0
110	上層風妖精	19	107	風の妖精の耳飾り	accessory	2.00	1		0
110	上層風妖精	19	122	鉱山トロルの刻印	accessory	0.60	1		0
111	上層ハーピー	19	108	樹上ハーピーの羽飾り	accessory	1.50	1		0
111	上層ハーピー	19	123	闇コウモリの羽飾り	accessory	2.00	1		0
112	上層葉隠れ弓兵	19	109	葉隠れ弓兵の刻印	accessory	0.80	1		0
112	上層葉隠れ弓兵	19	124	廃坑スケルトンの骨剣	weapon	2.00	1		0
113	上層枝守護者	19	110	枝の守護者の刻印	accessory	0.60	1		0
113	上層枝守護者	19	125	火薬ネズミの首飾り	accessory	1.50	1		0
114	天空鳥シルフィード	19	126	穴掘りモールの刻印	accessory	0.80	1		0
115	精霊神殿兵	20	92	神殿兵の武器	weapon	2.00	1		0
115	精霊神殿兵	20	127	廃坑の主の刻印	accessory	0.60	1		0
116	精霊封印守	20	128	火の精の印	accessory	1.20	1		0
116	精霊封印守	20	881	精霊封印守護者の鎧	armor	2.00	1		0
117	精霊祭壇スライム	20	111	祭壇スライムの刻印	accessory	1.00	1		0
117	精霊祭壇スライム	20	129	溶鉄スライムの刻印	accessory	1.20	1		0
118	精霊司祭	20	95	古代司祭の刻印	accessory	0.80	1		0
118	精霊司祭	20	130	炉跡ゴーレムの岩鎧	armor	1.50	1		0
119	精霊神殿主	20	112	神殿の主の刻印	accessory	0.60	1		0
119	精霊神殿主	20	131	炎トカゲの刻印	accessory	0.80	1		0
120	精霊神殿の番人アルヴァン	20	132	溶鉱の番人の刻印	accessory	0.60	1		0
121	月光ピクシー	21	113	月光ピクシーの刻印	accessory	1.20	1		0
121	月光ピクシー	21	133	蒸気兵の武器	weapon	2.00	1		0
122	月光庭園騎士	21	114	庭園の騎士の剣	weapon	2.00	1		0
122	月光庭園騎士	21	134	機械ネズミの首飾り	accessory	2.00	1		0
123	月光光蝶	21	115	光る蝶の護符	accessory	1.50	1		0
123	月光光蝶	21	887	兵工量産ゴーレムの岩鎧	armor	1.50	1		0
124	月光星草スライム	21	116	星草スライムの刻印	accessory	0.80	1		0
124	月光星草スライム	21	136	歯車スライムの刻印	accessory	0.80	1		0
125	月光庭園番人	21	117	庭園の番人の王印	accessory	0.50	1		0
125	月光庭園番人	21	137	工場長ゴーレムの刻印	accessory	0.60	1		0
126	月光鹿アルテミス	21	133	蒸気兵の武器	weapon	2.00	1		0
126	月光鹿アルテミス	21	306	月光鹿アルテミスの王印	accessory	100.00	1		0
127	鉱山ネズミ	22	118	鉱山ネズミの首飾り	accessory	2.00	1		0
127	鉱山ネズミ	22	134	機械ネズミの首飾り	accessory	2.00	1		0
128	鉄殻虫	22	119	鉄殻虫の印	accessory	1.20	1		0
128	鉄殻虫	22	887	兵工量産ゴーレムの岩鎧	armor	1.50	1		0
129	鉱夫ゴースト	22	120	鉱夫ゴーストの刻印	accessory	1.00	1		0
129	鉱夫ゴースト	22	136	歯車スライムの刻印	accessory	0.80	1		0
130	鉄鉱ゴーレム	22	121	ストーンゴーレムの刻印	accessory	0.80	1		0
130	鉄鉱ゴーレム	22	137	工場長ゴーレムの刻印	accessory	0.60	1		0
131	鉱山トロル	22	122	鉱山トロルの刻印	accessory	0.60	1		0
131	鉱山トロル	22	138	雷球の印	accessory	1.20	1		0
132	鉄鉱巨人アイアンゴーレム	22	139	発電スライムの刻印	accessory	1.20	1		0
133	闇コウモリ	23	123	闇コウモリの羽飾り	accessory	2.00	1		0
133	闇コウモリ	23	140	電磁兵の武器	weapon	1.50	1		0
134	廃坑スケルトン	23	124	廃坑スケルトンの骨剣	weapon	2.00	1		0
134	廃坑スケルトン	23	141	地底技師の亡霊の刻印	accessory	0.80	1		0
135	火薬ネズミ	23	125	火薬ネズミの首飾り	accessory	1.50	1		0
135	火薬ネズミ	23	142	発電所の守護機の刻印	accessory	0.60	1		0
136	穴掘りモール	23	126	穴掘りモールの刻印	accessory	0.80	1		0
136	穴掘りモール	23	143	古代兵の武器	weapon	2.00	1		0
137	廃坑の主	23	127	廃坑の主の刻印	accessory	0.60	1		0
137	廃坑の主	23	144	重装機兵の武器	weapon	2.00	1		0
138	廃坑の黒ドワーフ	23	145	魔導砲台の刻印	accessory	1.00	1		0
139	火の精	24	128	火の精の印	accessory	1.20	1		0
139	火の精	24	146	鉄巨人試作型の刻印	accessory	0.80	1		0
140	溶鉄スライム	24	129	溶鉄スライムの刻印	accessory	1.20	1		0
141	炉跡ゴーレム	24	130	炉跡ゴーレムの岩鎧	armor	1.50	1		0
141	炉跡ゴーレム	24	148	雪スライムの刻印	accessory	1.20	1		0
142	炎トカゲ	24	131	炎トカゲの刻印	accessory	0.80	1		0
142	炎トカゲ	24	149	白狼の刻印	accessory	1.20	1		0
143	溶鉱の番人	24	132	溶鉱の番人の刻印	accessory	0.60	1		0
143	溶鉱の番人	24	150	雪原ウサギの足飾り	accessory	1.50	1		0
144	溶鉱炉の炎獣ブレイズマンティス	24	151	氷コウモリの刻印	accessory	0.80	1		0
145	蒸気兵	25	133	蒸気兵の武器	weapon	2.00	1		0
145	蒸気兵	25	152	氷の番人の刻印	accessory	0.60	1		0
146	蒸気ネズミ	25	134	機械ネズミの首飾り	accessory	2.00	1		0
146	蒸気ネズミ	25	153	吹雪ハーピーの羽飾り	accessory	2.00	1		0
147	蒸気ゴーレム	25	154	氷牙ウルフの刻印	accessory	1.20	1		0
147	蒸気ゴーレム	25	887	兵工量産ゴーレムの岩鎧	armor	1.50	1		0
148	蒸気歯車スライム	25	136	歯車スライムの刻印	accessory	0.80	1		0
148	蒸気歯車スライム	25	155	谷の雪男の印	accessory	1.00	1		0
149	蒸気工場長	25	137	工場長ゴーレムの刻印	accessory	0.60	1		0
149	蒸気工場長	25	156	凍結スライムの刻印	accessory	0.80	1		0
150	蒸気機関兵スチームナイト	25	157	峡谷の主の刻印	accessory	0.60	1		0
151	機械兵	26	39	洞窟コウモリの羽飾り	accessory	2.00	1		0
151	機械兵	26	133	蒸気兵の武器	weapon	2.00	1		0
152	機械ネズミ	26	134	機械ネズミの首飾り	accessory	2.00	1		0
152	機械ネズミ	26	873	古洞ロックワームの岩鎧	armor	2.00	1		0
153	量産機械ゴーレム	26	121	ストーンゴーレムの刻印	accessory	0.80	1		0
153	量産機械ゴーレム	26	880	氷結ストーンゴーレムの岩鎧	armor	1.50	1		0
153	量産機械ゴーレム	26	887	兵工量産ゴーレムの岩鎧	armor	1.50	1		0
154	機械歯車スライム	26	70	地底トカゲの印	accessory	0.80	1		0
154	機械歯車スライム	26	136	歯車スライムの刻印	accessory	0.80	1		0
154	機械歯車スライム	26	158	地底トカゲの刻印	accessory	0.80	1		0
155	機兵工場長	26	71	洞窟の主の印	accessory	0.60	1		0
155	機兵工場長	26	137	工場長ゴーレムの刻印	accessory	0.60	1		0
155	機兵工場長	26	159	洞窟の主の刻印	accessory	0.60	1		0
156	機械兵隊長ギアコマンダー	26	160	白銀ウルフの刻印	accessory	1.20	1		0
157	地底雷球	27	138	雷球の印	accessory	1.20	1		0
157	地底雷球	27	161	雪樹の精の印	accessory	1.20	1		0
158	地底発電スライム	27	139	発電スライムの刻印	accessory	1.20	1		0
158	地底発電スライム	27	162	氷キノコの鎧	armor	1.50	1		0
159	地底電磁兵	27	140	電磁兵の武器	weapon	1.50	1		0
159	地底電磁兵	27	163	雪妖精の刻印	accessory	0.80	1		0
160	地底技師の亡霊	27	141	地底技師の亡霊の刻印	accessory	0.80	1		0
160	地底技師の亡霊	27	164	白銀の守護獣の刻印	accessory	0.60	1		0
161	地底守護機	27	92	神殿兵の武器	weapon	2.00	1		0
161	地底守護機	27	142	発電所の守護機の刻印	accessory	0.60	1		0
162	雷動コア・ヴォルト	27	881	精霊封印守護者の鎧	armor	2.00	1		0
163	古代機兵	28	94	祭壇スライムの印	accessory	1.00	1		0
163	古代機兵	28	111	祭壇スライムの刻印	accessory	1.00	1		0
163	古代機兵	28	143	古代兵の武器	weapon	2.00	1		0
164	重装機兵	28	95	古代司祭の刻印	accessory	0.80	1		0
164	重装機兵	28	144	重装機兵の武器	weapon	2.00	1		0
165	魔導砲台	28	96	神殿の主の王印	accessory	100.00	1		0
165	魔導砲台	28	112	神殿の主の刻印	accessory	0.60	1		0
165	魔導砲台	28	145	魔導砲台の刻印	accessory	1.00	1		0
166	鉄巨人試作型	28	146	鉄巨人試作型の刻印	accessory	0.80	1		0
166	鉄巨人試作型	28	165	氷竜の幼体の刻印	accessory	1.20	1		0
167	鋼鉄巨人	28	147	鋼鉄巨人の王印	accessory	0.50	1		0
167	鋼鉄巨人	28	166	竜牙兵の刻印	accessory	1.20	1		0
168	古代兵器オメガ	28	167	フロストリザードの鱗鎧	armor	1.50	1		0
168	古代兵器オメガ	28	313	古代兵器オメガの王印	accessory	100.00	1		0
169	雪スライム	29	148	雪スライムの刻印	accessory	1.20	1		0
169	雪スライム	29	168	竜巣ゴーレムの刻印	accessory	0.80	1		0
170	白狼	29	149	白狼の刻印	accessory	1.20	1		0
170	白狼	29	169	氷竜の番人の刻印	accessory	0.60	1		0
171	雪原ウサギ	29	150	雪原ウサギの足飾り	accessory	1.50	1		0
171	雪原ウサギ	29	170	雪山ゴーレムの岩鎧	armor	2.00	1		0
172	氷コウモリ	29	151	氷コウモリの刻印	accessory	0.80	1		0
172	氷コウモリ	29	171	ブリザードイーグルの鱗鎧	armor	2.00	1		0
173	氷の番人	29	152	氷の番人の刻印	accessory	0.60	1		0
173	氷の番人	29	172	氷巨人の鎧	armor	1.50	1		0
174	雪原の白熊王	29	173	山脈の白竜の刻印	accessory	0.80	1		0
175	吹雪ハーピー	30	153	吹雪ハーピーの羽飾り	accessory	2.00	1		0
176	氷牙ウルフ	30	154	氷牙ウルフの刻印	accessory	1.20	1		0
176	氷牙ウルフ	30	175	サンドスライムの刻印	accessory	1.20	1		0
177	谷の雪男	30	155	谷の雪男の印	accessory	1.00	1		0
177	谷の雪男	30	176	砂サソリの印	accessory	1.20	1		0
178	凍結スライム	30	156	凍結スライムの刻印	accessory	0.80	1		0
178	凍結スライム	30	177	砂漠盗賊の短剣	weapon	1.50	1		0
179	峡谷の主	30	157	峡谷の主の刻印	accessory	0.60	1		0
179	峡谷の主	30	178	ミイラの刻印	accessory	0.80	1		0
179	峡谷の主	30	184	ミイラの印	accessory	1.20	1		0
180	吹雪の魔狼ブリザードガルム	30	179	砂の魔獣の刻印	accessory	0.60	1		0
181	氷結コウモリ	31	39	洞窟コウモリの羽飾り	accessory	2.00	1		0
181	氷結コウモリ	31	175	サンドスライムの刻印	accessory	1.20	1		0
182	氷結ワーム	31	176	砂サソリの印	accessory	1.20	1		0
182	氷結ワーム	31	879	氷結ロックワームの岩鎧	armor	2.00	1		0
183	氷結ゴーレム	31	177	砂漠盗賊の短剣	weapon	1.50	1		0
183	氷結ゴーレム	31	880	氷結ストーンゴーレムの岩鎧	armor	1.50	1		0
184	氷結トカゲ	31	158	地底トカゲの刻印	accessory	0.80	1		0
184	氷結トカゲ	31	178	ミイラの刻印	accessory	0.80	1		0
184	氷結トカゲ	31	184	ミイラの印	accessory	1.20	1		0
185	氷結洞窟主	31	159	洞窟の主の刻印	accessory	0.60	1		0
185	氷結洞窟主	31	179	砂の魔獣の刻印	accessory	0.60	1		0
186	氷結甲竜グレイシャルドン	31	143	古代兵の武器	weapon	2.00	1		0
187	白銀ウルフ	32	160	白銀ウルフの刻印	accessory	1.20	1		0
187	白銀ウルフ	32	180	遺跡スライムの刻印	accessory	1.20	1		0
188	雪樹の精	32	161	雪樹の精の印	accessory	1.20	1		0
188	雪樹の精	32	181	石像兵の武器	weapon	1.50	1		0
189	氷キノコ	32	162	氷キノコの鎧	armor	1.50	1		0
189	氷キノコ	32	182	呪文壁の刻印	accessory	0.80	1		0
190	雪妖精	32	163	雪妖精の刻印	accessory	0.80	1		0
190	雪妖精	32	183	遺跡の守護者の刻印	accessory	0.60	1		0
191	白銀の守護獣	32	164	白銀の守護獣の刻印	accessory	0.60	1		0
191	白銀の守護獣	32	178	ミイラの刻印	accessory	0.80	1		0
191	白銀の守護獣	32	184	ミイラの印	accessory	1.20	1		0
192	白銀の魔女スノウベル	32	185	王墓の亡霊の刻印	accessory	1.20	1		0
193	氷封神殿兵	33	92	神殿兵の武器	weapon	2.00	1		0
193	氷封神殿兵	33	186	黄金スカラベの印	accessory	1.00	1		0
194	氷封封印守	33	187	墓所の騎士の刻印	accessory	0.80	1		0
194	氷封封印守	33	882	凍結封印守護者の鎧	armor	2.00	1		0
195	氷封祭壇スライム	33	111	祭壇スライムの刻印	accessory	1.00	1		0
195	氷封祭壇スライム	33	188	王家の呪霊の刻印	accessory	0.60	1		0
196	氷封司祭	33	92	神殿兵の武器	weapon	2.00	1		0
196	氷封司祭	33	95	古代司祭の刻印	accessory	0.80	1		0
197	氷封神殿主	33	112	神殿の主の刻印	accessory	0.60	1		0
197	氷封神殿主	33	882	凍結封印守護者の鎧	armor	2.00	1		0
198	凍神官グレイシア	33	94	祭壇スライムの印	accessory	1.00	1		0
198	凍神官グレイシア	33	111	祭壇スライムの刻印	accessory	1.00	1		0
199	氷竜の幼体	34	95	古代司祭の刻印	accessory	0.80	1		0
199	氷竜の幼体	34	165	氷竜の幼体の刻印	accessory	1.20	1		0
200	竜牙兵	34	96	神殿の主の王印	accessory	100.00	1		0
200	竜牙兵	34	112	神殿の主の刻印	accessory	0.60	1		0
200	竜牙兵	34	166	竜牙兵の刻印	accessory	1.20	1		0
201	フロストリザード	34	167	フロストリザードの鱗鎧	armor	1.50	1		0
201	フロストリザード	34	189	水路スライムの刻印	accessory	1.20	1		0
202	竜巣ゴーレム	34	168	竜巣ゴーレムの刻印	accessory	0.80	1		0
202	竜巣ゴーレム	34	190	地下ワニの印	accessory	1.20	1		0
203	氷竜の番人	34	169	氷竜の番人の刻印	accessory	0.60	1		0
203	氷竜の番人	34	191	水路ゴーストの刻印	accessory	1.00	1		0
204	氷竜フロストヴルム	34	192	古代配管兵の刻印	accessory	0.80	1		0
205	雪山ゴーレム	35	170	雪山ゴーレムの岩鎧	armor	2.00	1		0
205	雪山ゴーレム	35	193	水路の主の刻印	accessory	0.60	1		0
206	ブリザードイーグル	35	92	神殿兵の武器	weapon	2.00	1		0
206	ブリザードイーグル	35	171	ブリザードイーグルの鱗鎧	armor	2.00	1		0
207	氷巨人	35	172	氷巨人の鎧	armor	1.50	1		0
207	氷巨人	35	882	凍結封印守護者の鎧	armor	2.00	1		0
208	山脈の白竜	35	94	祭壇スライムの印	accessory	1.00	1		0
208	山脈の白竜	35	111	祭壇スライムの刻印	accessory	1.00	1		0
208	山脈の白竜	35	173	山脈の白竜の刻印	accessory	0.80	1		0
209	氷竜ヴェルガ	35	95	古代司祭の刻印	accessory	0.80	1		0
209	氷竜ヴェルガ	35	174	氷竜ヴェルガの王印	accessory	0.50	1		0
210	極寒巨人ヨトゥン	35	320	極寒巨人ヨトゥンの王印	accessory	100.00	1		0
211	砂海スライム	36	175	サンドスライムの刻印	accessory	1.20	1		0
211	砂海スライム	36	194	魔導書の刻印	accessory	1.20	1		0
212	砂海サソリ	36	176	砂サソリの印	accessory	1.20	1		0
212	砂海サソリ	36	195	紙片スライムの刻印	accessory	1.20	1		0
213	砂海盗賊	36	177	砂漠盗賊の短剣	weapon	1.50	1		0
213	砂海盗賊	36	196	司書ゴーストの刻印	accessory	1.00	1		0
214	砂海ミイラ	36	178	ミイラの刻印	accessory	0.80	1		0
214	砂海ミイラ	36	197	知識の悪魔の刻印	accessory	0.80	1		0
215	砂海魔獣	36	179	砂の魔獣の刻印	accessory	0.60	1		0
215	砂海魔獣	36	198	図書館の番人の刻印	accessory	0.60	1		0
216	砂海の大サソリ	36	199	禁書の悪魔の刻印	accessory	1.20	1		0
217	流砂スライム	37	175	サンドスライムの刻印	accessory	1.20	1		0
217	流砂スライム	37	200	呪文スライムの刻印	accessory	1.20	1		0
218	流砂サソリ	37	176	砂サソリの印	accessory	1.20	1		0
218	流砂サソリ	37	201	封印司書の印	accessory	1.00	1		0
219	流砂盗賊	37	177	砂漠盗賊の短剣	weapon	1.50	1		0
219	流砂盗賊	37	202	黒インクの魔物の刻印	accessory	0.80	1		0
220	流砂ミイラ	37	178	ミイラの刻印	accessory	0.80	1		0
220	流砂ミイラ	37	203	禁書の主の刻印	accessory	0.60	1		0
221	流砂魔獣	37	179	砂の魔獣の刻印	accessory	0.60	1		0
221	流砂魔獣	37	204	ホムンクルスの印	accessory	1.20	1		0
222	流砂の暗殺者サンドシェイド	37	205	実験スライムの刻印	accessory	1.20	1		0
223	砂遺跡兵	38	143	古代兵の武器	weapon	2.00	1		0
223	砂遺跡兵	38	206	暴走魔導兵の武器	weapon	1.50	1		0
224	砂遺跡スライム	38	180	遺跡スライムの刻印	accessory	1.20	1		0
224	砂遺跡スライム	38	207	培養獣の刻印	accessory	0.80	1		0
225	砂遺跡石像兵	38	181	石像兵の武器	weapon	1.50	1		0
225	砂遺跡石像兵	38	208	研究所の怪物の刻印	accessory	0.60	1		0
226	砂遺跡呪文壁	38	113	月光ピクシーの刻印	accessory	1.20	1		0
226	砂遺跡呪文壁	38	182	呪文壁の刻印	accessory	0.80	1		0
227	砂遺跡守護者	38	114	庭園の騎士の剣	weapon	2.00	1		0
227	砂遺跡守護者	38	183	遺跡の守護者の刻印	accessory	0.60	1		0
228	古代守護兵アヌビス	38	115	光る蝶の護符	accessory	1.50	1		0
229	王墓ミイラ	39	116	星草スライムの刻印	accessory	0.80	1		0
229	王墓ミイラ	39	184	ミイラの印	accessory	1.20	1		0
230	王墓の亡霊	39	117	庭園の番人の王印	accessory	100.00	1		0
230	王墓の亡霊	39	185	王墓の亡霊の刻印	accessory	1.20	1		0
230	王墓の亡霊	39	209	庭園の番人の刻印	accessory	0.60	1		0
231	黄金スカラベ	39	186	黄金スカラベの印	accessory	1.00	1		0
231	黄金スカラベ	39	210	星読みの亡霊の刻印	accessory	1.20	1		0
232	墓所の騎士	39	187	墓所の騎士の刻印	accessory	0.80	1		0
232	墓所の騎士	39	211	塔の魔術師の刻印	accessory	1.20	1		0
233	王家の呪霊	39	188	王家の呪霊の刻印	accessory	0.60	1		0
233	王家の呪霊	39	212	星屑スライムの刻印	accessory	1.00	1		0
234	王墓のファラオ	39	213	天文ゴーレムの刻印	accessory	0.80	1		0
235	砂嵐神殿兵	40	92	神殿兵の武器	weapon	2.00	1		0
235	砂嵐神殿兵	40	214	塔の守護者の刻印	accessory	0.60	1		0
236	砂嵐封印守	40	138	雷球の印	accessory	1.20	1		0
236	砂嵐封印守	40	883	砂嵐封印守護者の鎧	armor	2.00	1		0
237	砂嵐祭壇スライム	40	111	祭壇スライムの刻印	accessory	1.00	1		0
237	砂嵐祭壇スライム	40	139	発電スライムの刻印	accessory	1.20	1		0
238	砂嵐司祭	40	95	古代司祭の刻印	accessory	0.80	1		0
238	砂嵐司祭	40	140	電磁兵の武器	weapon	1.50	1		0
239	砂嵐神殿主	40	112	神殿の主の刻印	accessory	0.60	1		0
239	砂嵐神殿主	40	141	地底技師の亡霊の刻印	accessory	0.80	1		0
240	砂嵐の魔人ザハーク	40	142	発電所の守護機の刻印	accessory	0.60	1		0
241	水路スライム	41	189	水路スライムの刻印	accessory	1.20	1		0
241	水路スライム	41	215	次元スライムの刻印	accessory	1.20	1		0
242	地下ワニ	41	190	地下ワニの印	accessory	1.20	1		0
242	地下ワニ	41	216	時空の影の印	accessory	1.20	1		0
243	水路ゴースト	41	191	水路ゴーストの刻印	accessory	1.00	1		0
243	水路ゴースト	41	217	迷い人の亡霊の刻印	accessory	1.00	1		0
244	古代配管兵	41	192	古代配管兵の刻印	accessory	0.80	1		0
244	古代配管兵	41	218	空間裂け目の刻印	accessory	0.80	1		0
245	水路の主	41	193	水路の主の刻印	accessory	0.60	1		0
246	地下水路の水蛇ナーガ	41	220	死霊兵の武器	weapon	2.00	1		0
247	太陽神殿兵	42	92	神殿兵の武器	weapon	2.00	1		0
247	太陽神殿兵	42	221	黒骨犬の骨剣	weapon	2.00	1		0
248	太陽封印守	42	222	荒野ゾンビの刻印	accessory	1.00	1		0
248	太陽封印守	42	884	太陽封印守護者の鎧	armor	2.00	1		0
249	太陽祭壇スライム	42	111	祭壇スライムの刻印	accessory	1.00	1		0
249	太陽祭壇スライム	42	223	魂喰いの刻印	accessory	0.80	1		0
250	太陽司祭	42	95	古代司祭の刻印	accessory	0.80	1		0
250	太陽司祭	42	224	死者の王の刻印	accessory	0.60	1		0
251	太陽神殿主	42	96	神殿の主の王印	accessory	0.50	1		0
251	太陽神殿主	42	225	呪い騎士の剣	weapon	2.00	1		0
252	太陽神獣ラーガ	42	226	吸血コウモリの羽飾り	accessory	2.00	1		0
252	太陽神獣ラーガ	42	327	太陽神獣ラーガの王印	accessory	100.00	1		0
253	魔導書	43	194	魔導書の刻印	accessory	1.20	1		0
253	魔導書	43	227	城の亡霊の刻印	accessory	1.00	1		0
254	紙片スライム	43	195	紙片スライムの刻印	accessory	1.20	1		0
254	紙片スライム	43	228	黒鎧兵の刻印	accessory	0.80	1		0
255	司書ゴースト	43	196	司書ゴーストの刻印	accessory	1.00	1		0
255	司書ゴースト	43	229	呪城の主の刻印	accessory	0.60	1		0
256	知識の悪魔	43	197	知識の悪魔の刻印	accessory	0.80	1		0
256	知識の悪魔	43	230	冥界の番犬の護符	accessory	2.00	1		0
257	図書館の番人	43	198	図書館の番人の刻印	accessory	0.60	1		0
257	図書館の番人	43	231	門番デーモンの印	accessory	1.20	1		0
258	禁書の魔導書グリモア	43	232	魂の群れの印	accessory	1.00	1		0
259	禁書の悪魔	44	199	禁書の悪魔の刻印	accessory	1.20	1		0
259	禁書の悪魔	44	233	闇スライムの刻印	accessory	0.80	1		0
260	呪文スライム	44	200	呪文スライムの刻印	accessory	1.20	1		0
260	呪文スライム	44	234	冥界門の守護者の刻印	accessory	0.60	1		0
261	封印司書	44	92	神殿兵の武器	weapon	2.00	1		0
261	封印司書	44	201	封印司書の印	accessory	1.00	1		0
262	黒インクの魔物	44	202	黒インクの魔物の刻印	accessory	0.80	1		0
262	黒インクの魔物	44	881	精霊封印守護者の鎧	armor	2.00	1		0
263	禁書の主	44	94	祭壇スライムの印	accessory	1.00	1		0
263	禁書の主	44	111	祭壇スライムの刻印	accessory	1.00	1		0
263	禁書の主	44	203	禁書の主の刻印	accessory	0.60	1		0
264	封印司書モルガン	44	95	古代司祭の刻印	accessory	0.80	1		0
265	ホムンクルス	45	96	神殿の主の王印	accessory	100.00	1		0
265	ホムンクルス	45	112	神殿の主の刻印	accessory	0.60	1		0
265	ホムンクルス	45	204	ホムンクルスの印	accessory	1.20	1		0
266	実験スライム	45	205	実験スライムの刻印	accessory	1.20	1		0
266	実験スライム	45	235	魔王軍兵の武器	weapon	2.00	1		0
267	暴走魔導兵	45	206	暴走魔導兵の武器	weapon	1.50	1		0
267	暴走魔導兵	45	236	魔王軍弓兵の弓	weapon	2.00	1		0
268	培養獣	45	207	培養獣の刻印	accessory	0.80	1		0
268	培養獣	45	237	魔王軍魔術師の刻印	accessory	1.00	1		0
269	研究所の怪物	45	208	研究所の怪物の刻印	accessory	0.60	1		0
269	研究所の怪物	45	238	黒騎士の刻印	accessory	0.80	1		0
270	人造魔獣ホムンクルス	45	239	要塞司令の刻印	accessory	0.60	1		0
271	浮遊ピクシー	46	113	月光ピクシーの刻印	accessory	1.20	1		0
271	浮遊ピクシー	46	240	瘴気スライムの刻印	accessory	1.20	1		0
272	浮遊庭園騎士	46	114	庭園の騎士の剣	weapon	2.00	1		0
272	浮遊庭園騎士	46	241	毒霧の悪魔の刻印	accessory	1.20	1		0
273	浮遊光蝶	46	115	光る蝶の護符	accessory	1.50	1		0
273	浮遊光蝶	46	242	谷の死霊の刻印	accessory	1.00	1		0
274	浮遊星草スライム	46	116	星草スライムの刻印	accessory	0.80	1		0
274	浮遊星草スライム	46	243	腐食ワームの刻印	accessory	0.80	1		0
275	浮遊庭園番人	46	209	庭園の番人の刻印	accessory	0.60	1		0
275	浮遊庭園番人	46	244	瘴気の主の刻印	accessory	0.60	1		0
276	風庭のグリフォン	46	245	奈落の影の印	accessory	1.20	1		0
277	星見星読みの亡霊	47	210	星読みの亡霊の刻印	accessory	1.20	1		0
277	星見星読みの亡霊	47	246	深淵騎士の剣	weapon	2.00	1		0
278	星見塔術師	47	211	塔の魔術師の刻印	accessory	1.20	1		0
278	星見塔術師	47	247	闇の司祭の刻印	accessory	1.00	1		0
279	星見星屑スライム	47	212	星屑スライムの刻印	accessory	1.00	1		0
279	星見星屑スライム	47	248	階段の番人の刻印	accessory	0.80	1		0
280	星見天文ゴーレム	47	213	天文ゴーレムの刻印	accessory	0.80	1		0
281	星見塔守護者	47	214	塔の守護者の刻印	accessory	0.60	1		0
281	星見塔守護者	47	250	雲スライムの刻印	accessory	1.20	1		0
282	星見の占星術師ステラ	47	251	天空鳥の羽飾り	accessory	2.00	1		0
283	異界雷球	48	138	雷球の印	accessory	1.20	1		0
283	異界雷球	48	252	風の精霊の耳飾り	accessory	1.50	1		0
284	異界発電スライム	48	139	発電スライムの刻印	accessory	1.20	1		0
284	異界発電スライム	48	253	雲海の兵の刻印	accessory	0.80	1		0
285	異界電磁兵	48	140	電磁兵の武器	weapon	1.50	1		0
285	異界電磁兵	48	254	天界の番人の刻印	accessory	0.60	1		0
286	異界技師の亡霊	48	141	地底技師の亡霊の刻印	accessory	0.80	1		0
286	異界技師の亡霊	48	215	次元スライムの刻印	accessory	1.20	1		0
287	異界守護機	48	142	発電所の守護機の刻印	accessory	0.60	1		0
287	異界守護機	48	216	時空の影の印	accessory	1.20	1		0
288	異界の観測者オブザーバー	48	217	迷い人の亡霊の刻印	accessory	1.00	1		0
289	次元次元スライム	49	215	次元スライムの刻印	accessory	1.20	1		0
289	次元次元スライム	49	218	空間裂け目の刻印	accessory	0.80	1		0
290	次元時空影	49	216	時空の影の印	accessory	1.20	1		0
290	次元時空影	49	219	回廊の主の王印	accessory	100.00	1		0
290	次元時空影	49	255	回廊の主の刻印	accessory	0.60	1		0
291	次元迷い人の亡霊	49	92	神殿兵の武器	weapon	2.00	1		0
291	次元迷い人の亡霊	49	217	迷い人の亡霊の刻印	accessory	1.00	1		0
292	次元空間裂け目	49	218	空間裂け目の刻印	accessory	0.80	1		0
292	次元空間裂け目	49	881	精霊封印守護者の鎧	armor	2.00	1		0
293	次元回廊主	49	94	祭壇スライムの印	accessory	1.00	1		0
293	次元回廊主	49	111	祭壇スライムの刻印	accessory	1.00	1		0
293	次元回廊主	49	219	回廊の主の王印	accessory	0.50	1		0
294	次元竜クロノス	49	95	古代司祭の刻印	accessory	0.80	1		0
294	次元竜クロノス	49	334	次元竜クロノスの王印	accessory	100.00	1		0
295	死霊兵	50	96	神殿の主の王印	accessory	100.00	1		0
295	死霊兵	50	112	神殿の主の刻印	accessory	0.60	1		0
295	死霊兵	50	220	死霊兵の武器	weapon	2.00	1		0
296	黒骨犬	50	143	古代兵の武器	weapon	2.00	1		0
296	黒骨犬	50	221	黒骨犬の骨剣	weapon	2.00	1		0
297	荒野ゾンビ	50	180	遺跡スライムの刻印	accessory	1.20	1		0
297	荒野ゾンビ	50	222	荒野ゾンビの刻印	accessory	1.00	1		0
298	魂喰い	50	181	石像兵の武器	weapon	1.50	1		0
298	魂喰い	50	223	魂喰いの刻印	accessory	0.80	1		0
299	死者の王	50	182	呪文壁の刻印	accessory	0.80	1		0
299	死者の王	50	224	死者の王の刻印	accessory	0.60	1		0
300	死者の王ネクロロード	50	183	遺跡の守護者の刻印	accessory	0.60	1		0
301	呪い騎士	51	113	月光ピクシーの刻印	accessory	1.20	1		0
301	呪い騎士	51	225	呪い騎士の剣	weapon	2.00	1		0
302	吸血コウモリ	51	114	庭園の騎士の剣	weapon	2.00	1		0
302	吸血コウモリ	51	226	吸血コウモリの羽飾り	accessory	2.00	1		0
303	城の亡霊	51	115	光る蝶の護符	accessory	1.50	1		0
303	城の亡霊	51	227	城の亡霊の刻印	accessory	1.00	1		0
304	黒鎧兵	51	116	星草スライムの刻印	accessory	0.80	1		0
304	黒鎧兵	51	228	黒鎧兵の刻印	accessory	0.80	1		0
305	呪城の主	51	117	庭園の番人の王印	accessory	100.00	1		0
305	呪城の主	51	209	庭園の番人の刻印	accessory	0.60	1		0
305	呪城の主	51	229	呪城の主の刻印	accessory	0.60	1		0
306	呪城伯爵ヴラド	51	210	星読みの亡霊の刻印	accessory	1.20	1		0
307	冥界の番犬	52	211	塔の魔術師の刻印	accessory	1.20	1		0
307	冥界の番犬	52	230	冥界の番犬の護符	accessory	2.00	1		0
308	門番デーモン	52	212	星屑スライムの刻印	accessory	1.00	1		0
308	門番デーモン	52	231	門番デーモンの印	accessory	1.20	1		0
309	魂の群れ	52	213	天文ゴーレムの刻印	accessory	0.80	1		0
309	魂の群れ	52	232	魂の群れの印	accessory	1.00	1		0
310	闇スライム	52	214	塔の守護者の刻印	accessory	0.60	1		0
310	闇スライム	52	233	闇スライムの刻印	accessory	0.80	1		0
311	冥界門の守護者	52	234	冥界門の守護者の刻印	accessory	0.60	1		0
311	冥界門の守護者	52	256	神殿騎士の剣	weapon	2.00	1		0
312	冥界門番ケルベロス	52	257	祭壇の天使の印	accessory	1.20	1		0
313	魔神神殿兵	53	92	神殿兵の武器	weapon	2.00	1		0
313	魔神神殿兵	53	888	終焉星守護者の鎧	armor	1.50	1		0
314	魔神封印守	53	259	古代神官の刻印	accessory	0.80	1		0
314	魔神封印守	53	885	悪魔封印守護者の鎧	armor	2.00	1		0
315	魔神祭壇スライム	53	111	祭壇スライムの刻印	accessory	1.00	1		0
316	魔神司祭	53	95	古代司祭の刻印	accessory	0.80	1		0
316	魔神司祭	53	261	魔王軍歩兵の武器	weapon	2.00	1		0
317	魔神神殿主	53	112	神殿の主の刻印	accessory	0.60	1		0
317	魔神神殿主	53	262	黒炎スライムの刻印	accessory	1.20	1		0
318	悪魔司祭バフォメット	53	263	外郭ガーゴイルの印	accessory	1.00	1		0
319	魔王軍兵	54	235	魔王軍兵の武器	weapon	2.00	1		0
319	魔王軍兵	54	264	魔城の番犬の刻印	accessory	0.80	1		0
320	魔王軍弓兵	54	236	魔王軍弓兵の弓	weapon	2.00	1		0
320	魔王軍弓兵	54	265	外郭隊長の刻印	accessory	0.60	1		0
321	魔王軍魔術師	54	215	次元スライムの刻印	accessory	1.20	1		0
321	魔王軍魔術師	54	237	魔王軍魔術師の刻印	accessory	1.00	1		0
322	黒騎士	54	216	時空の影の印	accessory	1.20	1		0
322	黒騎士	54	238	黒騎士の刻印	accessory	0.80	1		0
323	要塞司令	54	217	迷い人の亡霊の刻印	accessory	1.00	1		0
323	要塞司令	54	239	要塞司令の刻印	accessory	0.60	1		0
324	魔王軍将軍ガイゼル	54	218	空間裂け目の刻印	accessory	0.80	1		0
325	瘴気スライム	55	219	回廊の主の王印	accessory	100.00	1		0
325	瘴気スライム	55	240	瘴気スライムの刻印	accessory	1.20	1		0
325	瘴気スライム	55	255	回廊の主の刻印	accessory	0.60	1		0
326	毒霧の悪魔	55	241	毒霧の悪魔の刻印	accessory	1.20	1		0
326	毒霧の悪魔	55	266	魔神兵の武器	weapon	2.00	1		0
327	谷の死霊	55	242	谷の死霊の刻印	accessory	1.00	1		0
327	谷の死霊	55	267	黒騎士将の剣	weapon	2.00	1		0
328	腐食ワーム	55	243	腐食ワームの刻印	accessory	0.80	1		0
328	腐食ワーム	55	268	魔神の影の刻印	accessory	1.00	1		0
329	瘴気の主	55	244	瘴気の主の刻印	accessory	0.60	1		0
329	瘴気の主	55	269	深淵スライムの刻印	accessory	0.80	1		0
330	瘴気竜ナハシュ	55	270	魔神の化身の刻印	accessory	0.60	1		0
331	奈落の影	56	245	奈落の影の印	accessory	1.20	1		0
331	奈落の影	56	271	囚われた亡霊の刻印	accessory	1.20	1		0
332	深淵騎士	56	246	深淵騎士の剣	weapon	2.00	1		0
332	深淵騎士	56	272	鉄格子ゴーレムの岩鎧	armor	2.00	1		0
333	闇の司祭	56	247	闇の司祭の刻印	accessory	1.00	1		0
333	闇の司祭	56	273	深淵ワームの鎧	armor	1.50	1		0
334	階段の番人	56	248	階段の番人の刻印	accessory	0.80	1		0
334	階段の番人	56	274	看守デーモンの刻印	accessory	0.80	1		0
335	魔将軍アビス	56	249	魔将軍アビスの王印	accessory	0.50	1		0
335	魔将軍アビス	56	275	牢獄の主の刻印	accessory	0.60	1		0
336	奈落の黒騎士アビス	56	276	魔王近衛兵の武器	weapon	2.00	1		0
336	奈落の黒騎士アビス	56	341	奈落の黒騎士アビスの王印	accessory	100.00	1		0
337	雲スライム	57	250	雲スライムの刻印	accessory	1.20	1		0
337	雲スライム	57	277	黒玉座の騎士の剣	weapon	2.00	1		0
338	天空鳥	57	251	天空鳥の羽飾り	accessory	2.00	1		0
338	天空鳥	57	278	闇の大司祭の刻印	accessory	1.00	1		0
339	風の精霊	57	252	風の精霊の耳飾り	accessory	1.50	1		0
339	風の精霊	57	279	魔王の影の刻印	accessory	0.80	1		0
340	雲海の兵	57	253	雲海の兵の刻印	accessory	0.80	1		0
340	雲海の兵	57	280	黒き玉座の主の刻印	accessory	0.60	1		0
341	天界の番人	57	254	天界の番人の刻印	accessory	0.60	1		0
341	天界の番人	57	281	魔導炉の魔物の刻印	accessory	1.20	1		0
342	雲海の天馬王ペガサス	57	282	中枢守護機の鎧	armor	2.00	1		0
343	天空次元スライム	58	215	次元スライムの刻印	accessory	1.20	1		0
343	天空次元スライム	58	283	黒炎竜の刻印	accessory	1.00	1		0
344	天空時空影	58	216	時空の影の印	accessory	1.20	1		0
344	天空時空影	58	284	魔王軍精鋭の刻印	accessory	0.80	1		0
345	天空迷い人の亡霊	58	217	迷い人の亡霊の刻印	accessory	1.00	1		0
345	天空迷い人の亡霊	58	285	中枢の守護者の刻印	accessory	0.60	1		0
346	天空空間裂け目	58	218	空間裂け目の刻印	accessory	0.80	1		0
346	天空空間裂け目	58	256	神殿騎士の剣	weapon	2.00	1		0
347	天空回廊主	58	255	回廊の主の刻印	accessory	0.60	1		0
347	天空回廊主	58	257	祭壇の天使の印	accessory	1.20	1		0
348	天空剣士セラフ	58	888	終焉星守護者の鎧	armor	1.50	1		0
349	雷鳴神殿兵	59	92	神殿兵の武器	weapon	2.00	1		0
349	雷鳴神殿兵	59	259	古代神官の刻印	accessory	0.80	1		0
350	雷鳴封印守	59	886	雷鳴封印守護者の鎧	armor	2.00	1		0
351	雷鳴祭壇スライム	59	111	祭壇スライムの刻印	accessory	1.00	1		0
352	雷鳴司祭	59	95	古代司祭の刻印	accessory	0.80	1		0
353	雷鳴神殿主	59	112	神殿の主の刻印	accessory	0.60	1		0
355	天空機兵	60	143	古代兵の武器	weapon	2.00	1		0
356	浮遊遺跡スライム	60	180	遺跡スライムの刻印	accessory	1.20	1		0
357	天空石像兵	60	181	石像兵の武器	weapon	1.50	1		0
358	天空呪文壁	60	182	呪文壁の刻印	accessory	0.80	1		0
359	天空遺跡守護者	60	183	遺跡の守護者の刻印	accessory	0.60	1		0
361	天使ピクシー	61	113	月光ピクシーの刻印	accessory	1.20	1		0
362	天使庭園騎士	61	114	庭園の騎士の剣	weapon	2.00	1		0
363	天使光蝶	61	115	光る蝶の護符	accessory	1.50	1		0
364	天使星草スライム	61	116	星草スライムの刻印	accessory	0.80	1		0
365	天使庭園番人	61	209	庭園の番人の刻印	accessory	0.60	1		0
367	星辰星読みの亡霊	62	210	星読みの亡霊の刻印	accessory	1.20	1		0
368	星辰塔術師	62	211	塔の魔術師の刻印	accessory	1.20	1		0
369	星辰星屑スライム	62	212	星屑スライムの刻印	accessory	1.00	1		0
370	星辰天文ゴーレム	62	213	天文ゴーレムの刻印	accessory	0.80	1		0
371	星辰塔守護者	62	214	塔の守護者の刻印	accessory	0.60	1		0
373	神域神殿騎士	63	256	神殿騎士の剣	weapon	2.00	1		0
374	神域祭壇天使	63	257	祭壇の天使の印	accessory	1.20	1		0
375	神域星守護者	63	888	終焉星守護者の鎧	armor	1.50	1		0
376	神域神官	63	259	古代神官の刻印	accessory	0.80	1		0
377	雷神ヴォルト	63	260	雷神ヴォルトの神印	accessory	0.50	1		0
378	神々の代行者プロヴィデンス	63	348	神々の代行者プロヴィデンスの神印	accessory	100.00	1		0
379	魔王軍歩兵	64	261	魔王軍歩兵の武器	weapon	2.00	1		0
380	黒炎スライム	64	262	黒炎スライムの刻印	accessory	1.20	1		0
381	外郭ガーゴイル	64	263	外郭ガーゴイルの印	accessory	1.00	1		0
382	魔城の番犬	64	264	魔城の番犬の刻印	accessory	0.80	1		0
383	外郭隊長	64	265	外郭隊長の刻印	accessory	0.60	1		0
385	絶望次元スライム	65	215	次元スライムの刻印	accessory	1.20	1		0
386	絶望時空影	65	216	時空の影の印	accessory	1.20	1		0
387	絶望迷い人の亡霊	65	217	迷い人の亡霊の刻印	accessory	1.00	1		0
388	絶望空間裂け目	65	218	空間裂け目の刻印	accessory	0.80	1		0
389	絶望回廊主	65	255	回廊の主の刻印	accessory	0.60	1		0
391	魔神兵	66	266	魔神兵の武器	weapon	2.00	1		0
392	黒騎士将	66	267	黒騎士将の剣	weapon	2.00	1		0
393	魔神の影	66	268	魔神の影の刻印	accessory	1.00	1		0
394	深淵スライム	66	269	深淵スライムの刻印	accessory	0.80	1		0
395	魔神の化身	66	270	魔神の化身の刻印	accessory	0.60	1		0
397	囚われた亡霊	67	271	囚われた亡霊の刻印	accessory	1.20	1		0
398	鉄格子ゴーレム	67	272	鉄格子ゴーレムの岩鎧	armor	2.00	1		0
399	深淵ワーム	67	273	深淵ワームの鎧	armor	1.50	1		0
400	看守デーモン	67	274	看守デーモンの刻印	accessory	0.80	1		0
401	牢獄の主	67	275	牢獄の主の刻印	accessory	0.60	1		0
403	魔王近衛兵	68	276	魔王近衛兵の武器	weapon	2.00	1		0
404	黒玉座の騎士	68	277	黒玉座の騎士の剣	weapon	2.00	1		0
405	闇の大司祭	68	278	闇の大司祭の刻印	accessory	1.00	1		0
406	魔王の影	68	279	魔王の影の刻印	accessory	0.80	1		0
407	黒き玉座の主	68	280	黒き玉座の主の刻印	accessory	0.60	1		0
409	魔導炉の魔物	69	281	魔導炉の魔物の刻印	accessory	1.20	1		0
410	中枢守護機	69	282	中枢守護機の鎧	armor	2.00	1		0
411	黒炎竜	69	283	黒炎竜の刻印	accessory	1.00	1		0
412	魔王軍精鋭	69	284	魔王軍精鋭の刻印	accessory	0.80	1		0
413	中枢の守護者	69	285	中枢の守護者の刻印	accessory	0.60	1		0
415	終焉神殿騎士	70	256	神殿騎士の剣	weapon	2.00	1		0
416	終焉祭壇天使	70	257	祭壇の天使の印	accessory	1.20	1		0
417	終焉星守護者	70	888	終焉星守護者の鎧	armor	1.50	1		0
418	終焉神官	70	259	古代神官の刻印	accessory	0.80	1		0
419	終焉ヴォルト	70	260	雷神ヴォルトの神印	accessory	0.50	1		0
420	魔王ヴァルゼリア	70	355	魔王ヴァルゼリアの神印	accessory	100.00	1		0