id	name	type	description	rarity	price	hp_bonus	str_bonus	def_bonus	agi_bonus	mag_bonus	luk_bonus	required_level	is_shop_item	is_active	sort_order	created_at	updated_at	spr_bonus	sub_type	element	sell_price	mp_bonus	unlock_city_id	weapon_category	weapon_hand_type	weapon_role	armor_category	armor_weight	armor_role	external_item_id	weapon_family_id	weapon_family_name	weapon_rank	weapon_rank_sort	weapon_rank_multiplier	evolution_stage	next_item_external_id	is_evolution_enabled	is_drop_enabled	is_supply_enabled	max_enhance	armor_family_id	armor_family_name	armor_category_id	armor_category_name	armor_rank	armor_rank_sort	armor_rank_multiplier	evolution_group_id	next_armor_external_id	accessory_family_id	accessory_family_name	accessory_category_id	accessory_category_name	accessory_rank	accessory_rank_sort	accessory_rank_multiplier	next_accessory_external_id
1	木の剣	weapon	剣系のGランク武器。合成進化で上位ランクへ育成する。	G	0	0	10	2	1	0	0	1	0	1	101	2026-06-05T07:41:52.000000Z	2026-06-12T14:14:28.000000Z	0	剣		0	0		sword	one_hand	physical				WPN_0001	SWORD	剣	G	1	1	1	WPN_0002	1	1	1	3						0	1								0	1	
2	鉄の剣	weapon	剣系のFランク武器。合成進化で上位ランクへ育成する。	F	0	0	14	3	1	0	0	1	0	1	202	2026-06-05T07:41:52.000000Z	2026-06-12T14:14:28.000000Z	0	剣		0	0		sword	one_hand	physical				WPN_0002	SWORD	剣	F	2	1.35	2	WPN_0003	1	1	0	3						0	1								0	1	
3	鋼の剣	weapon	剣系のEランク武器。合成進化で上位ランクへ育成する。	E	0	0	18	4	2	0	0	1	0	1	303	2026-06-05T07:41:52.000000Z	2026-06-12T14:14:28.000000Z	0	剣		0	0		sword	one_hand	physical				WPN_0003	SWORD	剣	E	3	1.8225	3	WPN_0004	1	1	0	3						0	1								0	1	
4	魔術師の杖	weapon	魔力を高める杖	K	160	0	0	0	0	22	0	2	0	0	30	2026-06-05T07:41:52.000000Z	2026-06-12T14:14:21.000000Z	4	杖		14	25	1	staff	one_hand	magic								0	1	0		0	0	0	0						0	1								0	1	
5	盗賊の短剣	weapon	素早く扱える短剣	K	200	0	18	0	1	0	0	3	0	0	40	2026-06-05T07:41:52.000000Z	2026-06-12T14:14:21.000000Z	0	剣		16	0	1	dagger	one_hand	physical								0	1	0		0	0	0	0						0	1								0	1	
35	ゴブリン弓兵の弓	weapon	ドロップ品: ゴブリン弓兵の弓	rare	424	0	47	0	4	0	6	1	0	0	1740	2026-06-06T16:15:40.000000Z	2026-06-12T14:14:21.000000Z	0	弓		106	0		bow	one_hand	physical								0	1	0		0	0	0	0						0	1								0	1	
41	スケルトン見習いの骨剣	weapon	ドロップ品: スケルトン見習いの骨剣	rare	424	0	47	0	3	0	0	1	0	0	1750	2026-06-06T16:15:40.000000Z	2026-06-12T14:14:21.000000Z	0	剣		106	0		sword	one_hand	physical								0	1	0		0	0	0	0						0	1								0	1	
50	スケルトンの骨剣	weapon	ドロップ品: スケルトンの骨剣	rare	424	0	47	0	3	0	0	1	0	0	1760	2026-06-06T16:15:40.000000Z	2026-06-12T14:14:21.000000Z	0	剣		106	0		sword	one_hand	physical								0	1	0		0	0	0	0						0	1								0	1	
59	訓練兵の武器	weapon	ドロップ品: 訓練兵の武器	rare	424	0	0	0	0	16	6	1	0	0	1770	2026-06-06T16:15:40.000000Z	2026-06-12T14:14:21.000000Z	0	魔導具		106	27		magic_device	one_hand	magic								0	1	0		0	0	0	0						0	1								0	1	
60	見習い剣士の剣	weapon	ドロップ品: 見習い剣士の剣	rare	424	0	18	0	3	0	0	1	0	0	1780	2026-06-06T16:15:40.000000Z	2026-06-12T14:14:21.000000Z	0	剣		106	0		sword	one_hand	physical								0	1	0		0	0	0	0						0	1								0	1	
74	錆びた甲板兵の武器	weapon	ドロップ品: 錆びた甲板兵の武器	rare	424	0	72	0	0	16	6	1	0	0	1790	2026-06-06T16:15:41.000000Z	2026-06-12T14:14:21.000000Z	0	魔導具		106	27		magic_device	one_hand	physical								0	1	0		0	0	0	0						0	1								0	1	
82	海賊下っ端のカトラス	weapon	ドロップ品: 海賊下っ端のカトラス	rare	424	0	11	0	7	0	6	1	0	0	1800	2026-06-06T16:15:41.000000Z	2026-06-12T14:14:21.000000Z	0	短剣		106	0		dagger	one_hand	physical								0	1	0		0	0	0	0						0	1								0	1	
83	海賊射手のカトラス	weapon	ドロップ品: 海賊射手のカトラス	rare	424	0	11	0	7	0	6	1	0	0	1810	2026-06-06T16:15:41.000000Z	2026-06-12T14:14:21.000000Z	0	短剣		106	0		dagger	one_hand	physical								0	1	0		0	0	0	0						0	1								0	1	
92	神殿兵の武器	weapon	ドロップ品: 神殿兵の武器	rare	424	0	72	0	0	16	6	1	0	0	1820	2026-06-06T16:15:41.000000Z	2026-06-12T14:14:21.000000Z	0	魔導具		106	27		magic_device	one_hand	physical								0	1	0		0	0	0	0						0	1								0	1	
114	庭園の騎士の剣	weapon	ドロップ品: 庭園の騎士の剣	rare	424	0	18	0	3	0	0	1	0	0	1830	2026-06-06T16:19:24.000000Z	2026-06-12T14:14:21.000000Z	0	剣		106	0		sword	one_hand	physical								0	1	0		0	0	0	0						0	1								0	1	
124	廃坑スケルトンの骨剣	weapon	ドロップ品: 廃坑スケルトンの骨剣	rare	424	0	18	0	3	0	0	1	0	0	1840	2026-06-06T16:19:24.000000Z	2026-06-12T14:14:21.000000Z	0	剣		106	0		sword	one_hand	physical								0	1	0		0	0	0	0						0	1								0	1	
133	蒸気兵の武器	weapon	ドロップ品: 蒸気兵の武器	rare	424	0	0	0	0	16	6	1	0	0	1850	2026-06-06T16:19:24.000000Z	2026-06-12T14:14:21.000000Z	0	魔導具		106	27		magic_device	one_hand	magic								0	1	0		0	0	0	0						0	1								0	1	
140	電磁兵の武器	weapon	ドロップ品: 電磁兵の武器	rare	424	0	150	0	0	16	6	1	0	0	1860	2026-06-06T16:19:25.000000Z	2026-06-12T14:14:21.000000Z	0	魔導具		106	27		magic_device	one_hand	physical								0	1	0		0	0	0	0						0	1								0	1	
143	古代兵の武器	weapon	ドロップ品: 古代兵の武器	rare	424	0	150	0	0	16	6	1	0	0	1870	2026-06-06T16:19:25.000000Z	2026-06-12T14:14:21.000000Z	0	魔導具		106	27		magic_device	one_hand	physical								0	1	0		0	0	0	0						0	1								0	1	
144	重装機兵の武器	weapon	ドロップ品: 重装機兵の武器	rare	424	0	0	0	0	16	6	1	0	0	1880	2026-06-06T16:19:25.000000Z	2026-06-12T14:14:21.000000Z	0	魔導具		106	27		magic_device	one_hand	magic								0	1	0		0	0	0	0						0	1								0	1	
177	砂漠盗賊の短剣	weapon	ドロップ品: 砂漠盗賊の短剣	rare	424	0	259	0	3	0	0	1	0	0	1890	2026-06-06T16:19:25.000000Z	2026-06-12T14:14:21.000000Z	0	剣		106	0		dagger	one_hand	physical								0	1	0		0	0	0	0						0	1								0	1	
181	石像兵の武器	weapon	ドロップ品: 石像兵の武器	rare	424	0	259	0	0	16	6	1	0	0	1900	2026-06-06T16:19:25.000000Z	2026-06-12T14:14:21.000000Z	0	魔導具		106	27		magic_device	one_hand	physical								0	1	0		0	0	0	0						0	1								0	1	
206	暴走魔導兵の武器	weapon	ドロップ品: 暴走魔導兵の武器	rare	424	0	301	0	0	16	6	1	0	0	1910	2026-06-06T16:21:35.000000Z	2026-06-12T14:14:21.000000Z	0	魔導具		106	27		magic_device	one_hand	physical								0	1	0		0	0	0	0						0	1								0	1	
220	死霊兵の武器	weapon	ドロップ品: 死霊兵の武器	rare	424	0	359	0	0	16	6	1	0	0	1920	2026-06-06T16:21:35.000000Z	2026-06-12T14:14:21.000000Z	0	魔導具		106	27		magic_device	one_hand	physical								0	1	0		0	0	0	0						0	1								0	1	
221	黒骨犬の骨剣	weapon	ドロップ品: 黒骨犬の骨剣	rare	424	0	359	0	3	0	0	1	0	0	1930	2026-06-06T16:21:35.000000Z	2026-06-12T14:14:21.000000Z	0	剣		106	0		sword	one_hand	physical								0	1	0		0	0	0	0						0	1								0	1	
225	呪い騎士の剣	weapon	ドロップ品: 呪い騎士の剣	rare	424	0	359	0	3	0	0	1	0	0	1940	2026-06-06T16:21:35.000000Z	2026-06-12T14:14:21.000000Z	0	剣		106	0		sword	one_hand	physical								0	1	0		0	0	0	0						0	1								0	1	
235	魔王軍兵の武器	weapon	ドロップ品: 魔王軍兵の武器	rare	424	0	0	0	0	16	6	1	0	0	1950	2026-06-06T16:21:36.000000Z	2026-06-12T14:14:21.000000Z	0	魔導具		106	27		magic_device	one_hand	magic								0	1	0		0	0	0	0						0	1								0	1	
236	魔王軍弓兵の弓	weapon	ドロップ品: 魔王軍弓兵の弓	rare	424	0	15	0	4	0	6	1	0	0	1960	2026-06-06T16:21:36.000000Z	2026-06-12T14:14:21.000000Z	0	弓		106	0		bow	one_hand	physical								0	1	0		0	0	0	0						0	1								0	1	
246	深淵騎士の剣	weapon	ドロップ品: 深淵騎士の剣	rare	424	0	18	0	3	0	0	1	0	0	1970	2026-06-06T16:21:36.000000Z	2026-06-12T14:14:21.000000Z	0	剣		106	0		sword	one_hand	physical								0	1	0		0	0	0	0						0	1								0	1	
256	神殿騎士の剣	weapon	ドロップ品: 神殿騎士の剣	rare	424	0	18	0	3	0	0	1	0	0	1980	2026-06-06T16:23:57.000000Z	2026-06-12T14:14:21.000000Z	0	剣		106	0		sword	one_hand	physical								0	1	0		0	0	0	0						0	1								0	1	
261	魔王軍歩兵の武器	weapon	ドロップ品: 魔王軍歩兵の武器	rare	424	0	447	0	0	16	6	1	0	0	1990	2026-06-06T16:23:57.000000Z	2026-06-12T14:14:21.000000Z	0	魔導具		106	27		magic_device	one_hand	physical								0	1	0		0	0	0	0						0	1								0	1	
266	魔神兵の武器	weapon	ドロップ品: 魔神兵の武器	rare	424	0	447	0	0	16	6	1	0	0	2000	2026-06-06T16:23:57.000000Z	2026-06-12T14:14:21.000000Z	0	魔導具		106	27		magic_device	one_hand	physical								0	1	0		0	0	0	0						0	1								0	1	
267	黒騎士将の剣	weapon	ドロップ品: 黒騎士将の剣	rare	424	0	447	0	3	0	0	1	0	0	2010	2026-06-06T16:23:57.000000Z	2026-06-12T14:14:21.000000Z	0	剣		106	0		sword	one_hand	physical								0	1	0		0	0	0	0						0	1								0	1	
276	魔王近衛兵の武器	weapon	ドロップ品: 魔王近衛兵の武器	rare	424	0	447	0	0	16	6	1	0	0	2020	2026-06-06T16:23:57.000000Z	2026-06-12T14:14:21.000000Z	0	魔導具		106	27		magic_device	one_hand	physical								0	1	0		0	0	0	0						0	1								0	1	
277	黒玉座の騎士の剣	weapon	ドロップ品: 黒玉座の騎士の剣	rare	424	0	447	0	3	0	0	1	0	0	2030	2026-06-06T16:23:57.000000Z	2026-06-12T14:14:21.000000Z	0	剣		106	0		sword	one_hand	physical								0	1	0		0	0	0	0						0	1								0	1	
378	騎士の剣	weapon	剣系のDランク武器。合成進化で上位ランクへ育成する。	D	0	0	25	5	2	0	0	1	0	1	404	2026-06-08T04:18:11.000000Z	2026-06-12T14:14:28.000000Z	0	剣		0	0		sword	one_hand	physical				WPN_0004	SWORD	剣	D	4	2.4604	4	WPN_0005	1	1	0	3						0	1								0	1	
382	鉄拳甲	weapon	連撃・格闘職向け。HPと素早さも補う。	J	1600	0	37	0	7	0	0	40	0	0	150	2026-06-08T04:18:11.000000Z	2026-06-12T14:14:21.000000Z	0	拳		400	0	1	fist	one_hand	physical								0	1	0		0	0	0	0						0	1								0	1	
383	賢者見習いの杖	weapon	魔法職向け。MAGとMPを大きく伸ばす。	J	1800	0	0	0	0	40	0	40	0	0	180	2026-06-08T04:18:11.000000Z	2026-06-12T14:14:21.000000Z	7	杖	魔	450	46	1	staff	one_hand	magic								0	1	0		0	0	0	0						0	1								0	1	
384	ハルバード	weapon	攻撃と防御を両立する安定武器。	J	1900	0	41	3	2	0	0	40	0	0	200	2026-06-08T04:18:11.000000Z	2026-06-12T14:14:21.000000Z	0	槍		475	0	1	spear	one_hand	physical								0	1	0		0	0	0	0						0	1								0	1	
385	連射銃	weapon	高価格だが攻撃と運に優れる特殊武器。	J	2100	0	40	0	3	0	0	40	0	0	230	2026-06-08T04:18:11.000000Z	2026-06-12T14:14:21.000000Z	0	銃		525	0	1	gun	one_hand	physical								0	1	0		0	0	0	0						0	1								0	1	
386	魔導コア	weapon	魔力と運を伸ばす魔導職向け装備。	J	2000	0	0	0	0	43	3	40	0	0	220	2026-06-08T04:18:11.000000Z	2026-06-12T14:14:21.000000Z	8	魔導具	魔	500	37	1	magic_device	one_hand	magic								0	1	0		0	0	0	0						0	1								0	1	
410	星詠みの杖	weapon	魔法職向け。MAGとMPを大きく伸ばす。	B	64700	0	0	0	0	295	0	230	0	0	880	2026-06-08T04:18:11.000000Z	2026-06-12T14:14:21.000000Z	53	杖	魔	16175	339	9	staff	one_hand	magic								0	1	0		0	0	0	0						0	1								0	1	
412	星弾銃	weapon	高価格だが攻撃と運に優れる特殊武器。	B	74400	0	295	0	24	0	0	230	0	0	960	2026-06-08T04:18:11.000000Z	2026-06-12T14:14:21.000000Z	0	銃		18600	0	9	gun	one_hand	physical								0	1	0		0	0	0	0						0	1								0	1	
414	ルーンブレード	weapon	扱いやすい標準武器。物理職全般に向く。	D	45200	0	215	0	17	0	0	180	0	0	700	2026-06-08T04:18:11.000000Z	2026-06-12T14:14:21.000000Z	0	剣		11300	0	7	sword	one_hand	physical								0	1	0		0	0	0	0						0	1								0	1	
415	ルーンアクス	weapon	重い一撃に優れる高火力武器。	D	47500	0	232	0	0	0	0	180	0	0	730	2026-06-08T04:18:11.000000Z	2026-06-12T14:14:21.000000Z	0	斧		11875	0	7	axe	one_hand	physical								0	1	0		0	0	0	0						0	1								0	1	
416	ルーンダガー	weapon	素早さと運を伸ばす軽量武器。	D	42900	0	189	0	53	0	23	180	0	0	690	2026-06-08T04:18:11.000000Z	2026-06-12T14:14:21.000000Z	0	短剣		10725	0	7	dagger	one_hand	physical								0	1	0		0	0	0	0						0	1								0	1	
417	ルーンボウ	weapon	命中と会心を意識した遠距離武器。	D	45200	0	202	0	28	0	32	180	0	0	710	2026-06-08T04:18:11.000000Z	2026-06-12T14:14:21.000000Z	0	弓		11300	0	7	bow	one_hand	physical								0	1	0		0	0	0	0						0	1								0	1	
418	ルーンナックル	weapon	連撃・格闘職向け。HPと素早さも補う。	D	40700	0	198	0	40	0	0	180	0	0	670	2026-06-08T04:18:11.000000Z	2026-06-12T14:14:21.000000Z	0	拳		10175	0	7	fist	one_hand	physical								0	1	0		0	0	0	0						0	1								0	1	
419	ルーンスタッフ	weapon	魔法職向け。MAGとMPを大きく伸ばす。	D	45200	0	0	0	0	215	0	180	0	0	720	2026-06-08T04:18:11.000000Z	2026-06-12T14:14:21.000000Z	39	杖	魔	11300	247	7	staff	one_hand	magic								0	1	0		0	0	0	0						0	1								0	1	
420	ルーンランス	weapon	攻撃と防御を両立する安定武器。	D	47500	0	219	18	13	0	0	180	0	0	740	2026-06-08T04:18:11.000000Z	2026-06-12T14:14:21.000000Z	0	槍		11875	0	7	spear	one_hand	physical								0	1	0		0	0	0	0						0	1								0	1	
421	ルーンライフル	weapon	高価格だが攻撃と運に優れる特殊武器。	D	52000	0	215	0	17	0	0	180	0	0	770	2026-06-08T04:18:11.000000Z	2026-06-12T14:14:21.000000Z	0	銃		13000	0	7	gun	one_hand	physical								0	1	0		0	0	0	0						0	1								0	1	
422	ルーンオーブ	weapon	魔力と運を伸ばす魔導職向け装備。	D	49700	0	0	0	0	232	19	180	0	0	760	2026-06-08T04:18:11.000000Z	2026-06-12T14:14:21.000000Z	42	魔導具	魔	12425	197	7	magic_device	one_hand	magic								0	1	0		0	0	0	0						0	1								0	1	
432	終焉の剣	weapon	扱いやすい標準武器。物理職全般に向く。	A	75100	0	345	0	28	0	0	260	0	0	970	2026-06-08T04:18:12.000000Z	2026-06-12T14:14:21.000000Z	0	剣		18775	0	10	sword	one_hand	physical								0	1	0		0	0	0	0						0	1								0	1	
437	終焉の杖	weapon	魔法職向け。MAGとMPを大きく伸ばす。	A	75100	0	0	0	0	345	0	260	0	0	980	2026-06-08T04:18:12.000000Z	2026-06-12T14:14:21.000000Z	62	杖	魔	18775	397	10	staff	one_hand	magic								0	1	0		0	0	0	0						0	1								0	1	
509	草原の若葉弓	weapon	はじまりの草原の素材を用いて鍛えた合成武器。店売り品より一段上の火力を持つ。	E	774	0	52	0	0	0	5	1	0	0	1040	2026-06-08T15:45:48.000000Z	2026-06-12T14:14:21.000000Z	0	弓		162	0		bow	one_hand	physical								0	1	0		0	0	0	0						0	1								0	1	
512	小鬼狩りの弓	weapon	小鬼の森の素材を用いて鍛えた合成武器。店売り品より一段上の火力を持つ。	E	1437	0	52	0	0	0	5	1	0	0	1050	2026-06-08T15:45:48.000000Z	2026-06-12T14:14:21.000000Z	0	弓		272	0		bow	one_hand	physical								0	1	0		0	0	0	0						0	1								0	1	
515	洞窟探検剣	weapon	古びた洞窟の素材を用いて鍛えた合成武器。店売り品より一段上の火力を持つ。	E	2265	0	52	6	0	0	0	1	0	0	1060	2026-06-08T15:45:49.000000Z	2026-06-12T14:14:21.000000Z	0	剣		412	0		sword	one_hand	physical								0	1	0		0	0	0	0						0	1								0	1	
518	ウルフファング	weapon	狼の丘の素材を用いて鍛えた合成武器。店売り品より一段上の火力を持つ。	E	3149	0	52	7	0	0	0	1	0	0	1070	2026-06-08T15:45:49.000000Z	2026-06-12T14:14:21.000000Z	0	剣		569	0		sword	one_hand	physical								0	1	0		0	0	0	0						0	1								0	1	
521	グレイブアクス	weapon	忘れられた墓地の素材を用いて鍛えた合成武器。店売り品より一段上の火力を持つ。	E	4089	0	52	7	0	0	0	1	0	0	1080	2026-06-08T15:45:49.000000Z	2026-06-12T14:14:21.000000Z	0	剣		749	0		sword	one_hand	physical								0	1	0		0	0	0	0						0	1								0	1	
524	フェアリーランス	weapon	妖精の泉の素材を用いて鍛えた合成武器。店売り品より一段上の火力を持つ。	E	5138	0	52	8	0	0	0	1	0	0	1090	2026-06-08T15:45:49.000000Z	2026-06-12T14:14:21.000000Z	0	剣		962	0		sword	one_hand	physical								0	1	0		0	0	0	0						0	1								0	1	
527	ノービスソード	weapon	見習い訓練場の素材を用いて鍛えた合成武器。店売り品より一段上の火力を持つ。	E	6022	0	52	9	0	0	0	1	0	0	1100	2026-06-08T15:45:49.000000Z	2026-06-12T14:14:21.000000Z	0	剣		1159	0		sword	one_hand	physical								0	1	0		0	0	0	0						0	1								0	1	
530	潮騎士の槍	weapon	潮風の海岸の素材を用いて鍛えた合成武器。店売り品より一段上の火力を持つ。	D	6906	0	78	9	0	0	0	1	0	0	1110	2026-06-08T15:45:49.000000Z	2026-06-12T14:14:21.000000Z	0	槍		1458	0		spear	one_hand	physical								0	1	0		0	0	0	0						0	1								0	1	
533	海蝕の短剣	weapon	海蝕洞窟の素材を用いて鍛えた合成武器。店売り品より一段上の火力を持つ。	D	8288	0	78	10	0	0	0	1	0	0	1120	2026-06-08T15:45:49.000000Z	2026-06-12T14:14:21.000000Z	0	剣		1786	0		dagger	one_hand	physical								0	1	0		0	0	0	0						0	1								0	1	
536	難破船のカトラス	weapon	難破船の残骸の素材を用いて鍛えた合成武器。店売り品より一段上の火力を持つ。	D	9393	0	78	0	0	0	11	1	0	0	1130	2026-06-08T15:45:49.000000Z	2026-06-12T14:14:21.000000Z	0	短剣		2154	0		dagger	one_hand	physical								0	1	0		0	0	0	0						0	1								0	1	
539	人魚の水槍	weapon	人魚の入り江の素材を用いて鍛えた合成武器。店売り品より一段上の火力を持つ。	D	10774	0	78	13	0	0	0	1	0	0	1140	2026-06-08T15:45:49.000000Z	2026-06-12T14:14:21.000000Z	0	槍		2545	0		spear	one_hand	physical								0	1	0		0	0	0	0						0	1								0	1	
542	海賊狩りの斧	weapon	海賊の隠れ家の素材を用いて鍛えた合成武器。店売り品より一段上の火力を持つ。	I	12155	0	78	0	0	0	0	11	0	0	1150	2026-06-08T15:45:49.000000Z	2026-06-12T14:14:21.000000Z	0	斧		2959	0		axe	one_hand	physical								0	1	0		0	0	0	0						0	1								0	1	
545	珊瑚の魔杖	weapon	珊瑚迷宮の素材を用いて鍛えた合成武器。店売り品より一段上の火力を持つ。	D	13536	0	0	0	100	57	0	1	0	0	1160	2026-06-08T15:45:49.000000Z	2026-06-12T14:14:21.000000Z	22	杖		3384	219		staff	one_hand	magic								0	1	0		0	0	0	0						0	1								0	1	
548	深海神殿の聖槍	weapon	深海神殿の素材を用いて鍛えた合成武器。店売り品より一段上の火力を持つ。	D	14862	0	78	17	0	0	0	1	0	0	1170	2026-06-08T15:45:49.000000Z	2026-06-12T14:14:21.000000Z	0	槍		3715	0		spear	one_hand	physical								0	1	0		0	0	0	0						0	1								0	1	
551	若葉の狩弓	weapon	若葉の森の素材を用いて鍛えた合成武器。店売り品より一段上の火力を持つ。	C	16023	0	116	0	0	0	18	1	0	0	1180	2026-06-08T15:45:49.000000Z	2026-06-12T14:14:21.000000Z	0	弓		4005	0		bow	one_hand	physical								0	1	0		0	0	0	0						0	1								0	1	
554	妖精森の短剣	weapon	妖精の森の素材を用いて鍛えた合成武器。店売り品より一段上の火力を持つ。	C	17404	0	116	19	0	0	0	1	0	0	1190	2026-06-08T15:45:49.000000Z	2026-06-12T14:14:21.000000Z	0	剣		4351	0		dagger	one_hand	physical								0	1	0		0	0	0	0						0	1								0	1	
557	世界樹根の大槌	weapon	世界樹の根の素材を用いて鍛えた合成武器。店売り品より一段上の火力を持つ。	C	18785	0	116	20	0	0	0	1	0	0	1200	2026-06-08T15:45:49.000000Z	2026-06-12T14:14:21.000000Z	0	剣		4696	0		sword	one_hand	physical								0	1	0		0	0	0	0						0	1								0	1	
560	世界樹中層の杖	weapon	世界樹中層の素材を用いて鍛えた合成武器。店売り品より一段上の火力を持つ。	C	20443	0	0	0	139	82	0	1	0	0	1210	2026-06-08T15:45:49.000000Z	2026-06-12T14:14:21.000000Z	44	杖		5110	437		staff	one_hand	magic								0	1	0		0	0	0	0						0	1								0	1	
563	世界樹上層の弓	weapon	世界樹上層の素材を用いて鍛えた合成武器。店売り品より一段上の火力を持つ。	C	22100	0	116	0	0	0	22	1	0	0	1220	2026-06-08T15:45:49.000000Z	2026-06-12T14:14:21.000000Z	0	弓		5525	0		bow	one_hand	physical								0	1	0		0	0	0	0						0	1								0	1	
566	精霊神殿の霊杖	weapon	精霊神殿の素材を用いて鍛えた合成武器。店売り品より一段上の火力を持つ。	C	23758	0	0	0	158	82	0	1	0	0	1230	2026-06-08T15:45:49.000000Z	2026-06-12T14:14:21.000000Z	44	杖		5939	437		staff	one_hand	magic								0	1	0		0	0	0	0						0	1								0	1	
569	月光の細剣	weapon	月光庭園の素材を用いて鍛えた合成武器。店売り品より一段上の火力を持つ。	C	25084	0	116	25	0	0	0	1	0	0	1240	2026-06-08T15:45:49.000000Z	2026-06-12T14:14:21.000000Z	0	剣		6271	0		sword	one_hand	physical								0	1	0		0	0	0	0						0	1								0	1	
572	鉄鉱の戦斧	weapon	鉄鉱山の素材を用いて鍛えた合成武器。店売り品より一段上の火力を持つ。	B	26520	0	164	0	0	0	0	21	0	0	1250	2026-06-08T15:45:49.000000Z	2026-06-12T14:14:21.000000Z	0	斧		6630	0		axe	one_hand	physical								0	1	0		0	0	0	0						0	1								0	1	
575	廃坑の削岩剣	weapon	廃坑の素材を用いて鍛えた合成武器。店売り品より一段上の火力を持つ。	B	28178	0	164	29	0	0	0	1	0	0	1260	2026-06-08T15:45:49.000000Z	2026-06-12T14:14:21.000000Z	0	剣		7044	0		sword	one_hand	physical								0	1	0		0	0	0	0						0	1								0	1	
578	溶鉱炉の大剣	weapon	溶鉱炉跡の素材を用いて鍛えた合成武器。店売り品より一段上の火力を持つ。	B	29835	0	164	30	0	0	0	1	0	0	1270	2026-06-08T15:45:49.000000Z	2026-06-12T14:14:21.000000Z	0	剣		7458	0		sword	one_hand	physical								0	1	0		0	0	0	0						0	1								0	1	
581	蒸気駆動槍	weapon	蒸気工場の素材を用いて鍛えた合成武器。店売り品より一段上の火力を持つ。	B	31493	0	164	31	0	0	0	1	0	0	1280	2026-06-08T15:45:49.000000Z	2026-06-12T14:14:21.000000Z	0	槍		7873	0		spear	one_hand	physical								0	1	0		0	0	0	0						0	1								0	1	
584	機械兵の歯車剣	weapon	機械兵工場の素材を用いて鍛えた合成武器。店売り品より一段上の火力を持つ。	B	33426	0	164	32	0	0	0	1	0	0	1290	2026-06-08T15:45:50.000000Z	2026-06-12T14:14:21.000000Z	0	剣		8356	0		sword	one_hand	physical								0	1	0		0	0	0	0						0	1								0	1	
587	雷動ブレード	weapon	地底発電所の素材を用いて鍛えた合成武器。店売り品より一段上の火力を持つ。	B	35084	0	164	35	0	0	0	1	0	0	1300	2026-06-08T15:45:50.000000Z	2026-06-12T14:14:21.000000Z	0	剣		8771	0		sword	one_hand	physical								0	1	0		0	0	0	0						0	1								0	1	
590	古代兵装の剣	weapon	古代兵器庫の素材を用いて鍛えた合成武器。店売り品より一段上の火力を持つ。	B	36797	0	164	36	0	0	0	1	0	0	1310	2026-06-08T15:45:50.000000Z	2026-06-12T14:14:21.000000Z	0	剣		9199	0		sword	one_hand	physical								0	1	0		0	0	0	0						0	1								0	1	
593	氷雪の槍	weapon	氷雪平原の素材を用いて鍛えた合成武器。店売り品より一段上の火力を持つ。	A	38123	0	226	37	0	0	0	1	0	0	1320	2026-06-08T15:45:50.000000Z	2026-06-12T14:14:21.000000Z	0	槍		9530	0		spear	one_hand	physical								0	1	0		0	0	0	0						0	1								0	1	
596	吹雪の大弓	weapon	吹雪の峡谷の素材を用いて鍛えた合成武器。店売り品より一段上の火力を持つ。	A	40056	0	226	0	0	0	39	1	0	0	1330	2026-06-08T15:45:50.000000Z	2026-06-12T14:14:21.000000Z	0	弓		10014	0		bow	one_hand	physical								0	1	0		0	0	0	0						0	1								0	1	
599	氷結洞の氷剣	weapon	氷結洞窟の素材を用いて鍛えた合成武器。店売り品より一段上の火力を持つ。	A	41990	0	226	41	0	0	0	1	0	0	1340	2026-06-08T15:45:50.000000Z	2026-06-12T14:14:21.000000Z	0	剣		10497	0		sword	one_hand	physical								0	1	0		0	0	0	0						0	1								0	1	
602	白銀の狩弓	weapon	白銀の森の素材を用いて鍛えた合成武器。店売り品より一段上の火力を持つ。	A	43648	0	226	0	0	0	42	1	0	0	1350	2026-06-08T15:45:50.000000Z	2026-06-12T14:14:21.000000Z	0	弓		10912	0		bow	one_hand	physical								0	1	0		0	0	0	0						0	1								0	1	
605	凍神殿の聖杖	weapon	凍てつく神殿の素材を用いて鍛えた合成武器。店売り品より一段上の火力を持つ。	A	45581	0	0	0	284	156	0	1	0	0	1360	2026-06-08T15:45:50.000000Z	2026-06-12T14:14:21.000000Z	161	杖		11395	343		staff	one_hand	magic								0	1	0		0	0	0	0						0	1								0	1	
608	氷竜牙の槍	weapon	氷竜の巣の素材を用いて鍛えた合成武器。店売り品より一段上の火力を持つ。	A	47515	0	226	46	0	0	0	1	0	0	1370	2026-06-08T15:45:50.000000Z	2026-06-12T14:14:21.000000Z	0	槍		11878	0		spear	one_hand	physical								0	1	0		0	0	0	0						0	1								0	1	
611	極寒山脈の大斧	weapon	極寒山脈の素材を用いて鍛えた合成武器。店売り品より一段上の火力を持つ。	A	49725	0	226	0	0	0	0	38	0	0	1380	2026-06-08T15:45:50.000000Z	2026-06-12T14:14:21.000000Z	0	斧		12431	0		axe	one_hand	physical								0	1	0		0	0	0	0						0	1								0	1	
614	砂海の曲刀	weapon	砂海の素材を用いて鍛えた合成武器。店売り品より一段上の火力を持つ。	S	50830	0	282	48	0	0	0	1	0	0	1390	2026-06-08T15:45:50.000000Z	2026-06-12T14:14:21.000000Z	0	剣		12707	0		katana	one_hand	physical								0	1	0		0	0	0	0						0	1								0	1	
617	流砂の双刃	weapon	流砂地帯の素材を用いて鍛えた合成武器。店売り品より一段上の火力を持つ。	S	53040	0	282	51	0	0	0	1	0	0	1400	2026-06-08T15:45:50.000000Z	2026-06-12T14:14:21.000000Z	0	剣		13260	0		sword	one_hand	physical								0	1	0		0	0	0	0						0	1								0	1	
620	遺跡兵装の剣	weapon	古代遺跡の素材を用いて鍛えた合成武器。店売り品より一段上の火力を持つ。	S	54974	0	282	52	0	0	0	1	0	0	1410	2026-06-08T15:45:50.000000Z	2026-06-12T14:14:21.000000Z	0	剣		13743	0		sword	one_hand	physical								0	1	0		0	0	0	0						0	1								0	1	
623	王墓のファルシオン	weapon	王家の墓の素材を用いて鍛えた合成武器。店売り品より一段上の火力を持つ。	S	56908	0	282	53	0	0	0	1	0	0	1420	2026-06-08T15:45:50.000000Z	2026-06-12T14:14:21.000000Z	0	剣		14227	0		sword	one_hand	physical								0	1	0		0	0	0	0						0	1								0	1	
626	砂嵐神殿の槍	weapon	砂嵐の神殿の素材を用いて鍛えた合成武器。店売り品より一段上の火力を持つ。	S	59118	0	282	56	0	0	0	1	0	0	1430	2026-06-08T15:45:50.000000Z	2026-06-12T14:14:21.000000Z	0	槍		14779	0		spear	one_hand	physical								0	1	0		0	0	0	0						0	1								0	1	
629	地下水路の短剣	weapon	地下水路の素材を用いて鍛えた合成武器。店売り品より一段上の火力を持つ。	S	61051	0	282	57	0	0	0	1	0	0	1440	2026-06-08T15:45:50.000000Z	2026-06-12T14:14:21.000000Z	0	剣		15262	0		dagger	one_hand	physical								0	1	0		0	0	0	0						0	1								0	1	
632	太陽神の曲刀	weapon	太陽神殿の素材を用いて鍛えた合成武器。店売り品より一段上の火力を持つ。	S	63427	0	282	59	0	0	0	1	0	0	1450	2026-06-08T15:45:50.000000Z	2026-06-12T14:14:21.000000Z	0	剣		15856	0		katana	one_hand	physical								0	1	0		0	0	0	0						0	1								0	1	
635	魔導書庫の杖	weapon	魔導図書館の素材を用いて鍛えた合成武器。店売り品より一段上の火力を持つ。	S	64643	0	0	0	395	230	0	1	0	0	1460	2026-06-08T15:45:50.000000Z	2026-06-12T14:14:21.000000Z	204	杖		16160	506		staff	one_hand	magic								0	1	0		0	0	0	0						0	1								0	1	
638	禁書の呪杖	weapon	禁書庫の素材を用いて鍛えた合成武器。店売り品より一段上の火力を持つ。	S	66853	0	0	0	408	230	0	1	0	0	1470	2026-06-08T15:45:50.000000Z	2026-06-12T14:14:21.000000Z	204	杖		16713	506		staff	one_hand	magic								0	1	0		0	0	0	0						0	1								0	1	
641	魔法研究所の試作杖	weapon	魔法研究所の素材を用いて鍛えた合成武器。店売り品より一段上の火力を持つ。	S	68786	0	0	0	420	230	0	1	0	0	1480	2026-06-08T15:45:50.000000Z	2026-06-12T14:14:21.000000Z	204	杖		17196	506		staff	one_hand	magic								0	1	0		0	0	0	0						0	1								0	1	
644	浮遊庭園の花槍	weapon	浮遊庭園の素材を用いて鍛えた合成武器。店売り品より一段上の火力を持つ。	SS	70996	0	329	65	0	0	0	1	0	0	1490	2026-06-08T15:45:51.000000Z	2026-06-12T14:14:21.000000Z	0	槍		17749	0		spear	one_hand	physical								0	1	0		0	0	0	0						0	1								0	1	
647	星見の星杖	weapon	星見の塔の素材を用いて鍛えた合成武器。店売り品より一段上の火力を持つ。	SS	73206	0	0	0	445	230	0	1	0	0	1500	2026-06-08T15:45:51.000000Z	2026-06-12T14:14:21.000000Z	204	杖		18301	506		staff	one_hand	magic								0	1	0		0	0	0	0						0	1								0	1	
650	異界観測の雷杖	weapon	異界観測所の素材を用いて鍛えた合成武器。店売り品より一段上の火力を持つ。	SS	75416	0	0	0	458	230	0	1	0	0	1510	2026-06-08T15:45:51.000000Z	2026-06-12T14:14:21.000000Z	204	杖		18854	506		staff	one_hand	magic								0	1	0		0	0	0	0						0	1								0	1	
653	次元裂きの剣	weapon	次元回廊の素材を用いて鍛えた合成武器。店売り品より一段上の火力を持つ。	SS	78289	0	329	72	0	0	0	1	0	0	1520	2026-06-08T15:45:51.000000Z	2026-06-12T14:14:21.000000Z	0	剣		19572	0		sword	one_hand	physical								0	1	0		0	0	0	0						0	1								0	1	
656	死者荒野の骨剣	weapon	死者の荒野の素材を用いて鍛えた合成武器。店売り品より一段上の火力を持つ。	SS	79008	0	386	72	0	0	0	1	0	0	1530	2026-06-08T15:45:51.000000Z	2026-06-12T14:14:21.000000Z	0	剣		19752	0		sword	one_hand	physical								0	1	0		0	0	0	0						0	1								0	1	
659	呪城の黒剣	weapon	呪われた城の素材を用いて鍛えた合成武器。店売り品より一段上の火力を持つ。	SS	81494	0	386	75	0	0	0	1	0	0	1540	2026-06-08T15:45:51.000000Z	2026-06-12T14:14:21.000000Z	0	剣		20373	0		sword	one_hand	physical								0	1	0		0	0	0	0						0	1								0	1	
662	冥界門の大鎌	weapon	冥界門の素材を用いて鍛えた合成武器。店売り品より一段上の火力を持つ。	SS	83704	0	386	77	0	0	0	1	0	0	1550	2026-06-08T15:45:51.000000Z	2026-06-12T14:14:21.000000Z	0	剣		20926	0		sword	one_hand	physical								0	1	0		0	0	0	0						0	1								0	1	
665	悪魔神殿の魔槍	weapon	悪魔神殿の素材を用いて鍛えた合成武器。店売り品より一段上の火力を持つ。	SS	85914	0	386	79	0	0	0	1	0	0	1560	2026-06-08T15:45:51.000000Z	2026-06-12T14:14:21.000000Z	0	槍		21478	0		spear	one_hand	physical								0	1	0		0	0	0	0						0	1								0	1	
668	魔王軍の軍刀	weapon	魔王軍要塞の素材を用いて鍛えた合成武器。店売り品より一段上の火力を持つ。	SS	88124	0	386	81	0	0	0	1	0	0	1570	2026-06-08T15:45:51.000000Z	2026-06-12T14:14:21.000000Z	0	剣		22031	0		katana	one_hand	physical								0	1	0		0	0	0	0						0	1								0	1	
671	瘴気谷の毒刃	weapon	瘴気の谷の素材を用いて鍛えた合成武器。店売り品より一段上の火力を持つ。	SS	90610	0	386	83	0	0	0	1	0	0	1580	2026-06-08T15:45:51.000000Z	2026-06-12T14:14:21.000000Z	0	剣		22652	0		sword	one_hand	physical								0	1	0		0	0	0	0						0	1								0	1	
674	奈落の階段剣	weapon	奈落への階段の素材を用いて鍛えた合成武器。店売り品より一段上の火力を持つ。	SS	93428	0	386	85	0	0	0	1	0	0	1590	2026-06-08T15:45:51.000000Z	2026-06-12T14:14:21.000000Z	0	剣		23357	0		sword	one_hand	physical								0	1	0		0	0	0	0						0	1								0	1	
677	雲海の軽槍	weapon	雲海平原の素材を用いて鍛えた合成武器。店売り品より一段上の火力を持つ。	SSS	94478	0	423	85	0	0	0	1	0	0	1600	2026-06-08T15:45:51.000000Z	2026-06-12T14:14:21.000000Z	0	槍		23619	0		spear	one_hand	physical								0	1	0		0	0	0	0						0	1								0	1	
680	天空回廊の光剣	weapon	天空回廊の素材を用いて鍛えた合成武器。店売り品より一段上の火力を持つ。	SSS	96688	0	423	88	0	0	0	1	0	0	1610	2026-06-08T15:45:51.000000Z	2026-06-12T14:14:21.000000Z	0	剣		24172	0		sword	one_hand	physical								0	1	0		0	0	0	0						0	1								0	1	
683	雷鳴神殿の雷槍	weapon	雷鳴神殿の素材を用いて鍛えた合成武器。店売り品より一段上の火力を持つ。	SSS	99174	0	423	91	0	0	0	1	0	0	1620	2026-06-08T15:45:51.000000Z	2026-06-12T14:14:21.000000Z	0	槍		24793	0		spear	one_hand	physical								0	1	0		0	0	0	0						0	1								0	1	
686	浮遊遺跡の機兵剣	weapon	浮遊遺跡の素材を用いて鍛えた合成武器。店売り品より一段上の火力を持つ。	SSS	101384	0	423	92	0	0	0	1	0	0	1630	2026-06-08T15:45:51.000000Z	2026-06-12T14:14:21.000000Z	0	剣		25346	0		sword	one_hand	physical								0	1	0		0	0	0	0						0	1								0	1	
689	天使庭園の聖弓	weapon	天使の庭園の素材を用いて鍛えた合成武器。店売り品より一段上の火力を持つ。	SSS	103870	0	423	0	0	0	94	1	0	0	1640	2026-06-08T15:45:51.000000Z	2026-06-12T14:14:21.000000Z	0	弓		25967	0		bow	one_hand	physical								0	1	0		0	0	0	0						0	1								0	1	
692	星辰塔の星剣	weapon	星辰の塔の素材を用いて鍛えた合成武器。店売り品より一段上の火力を持つ。	SSS	106080	0	423	96	0	0	0	1	0	0	1650	2026-06-08T15:45:51.000000Z	2026-06-12T14:14:21.000000Z	0	剣		26520	0		sword	one_hand	physical								0	1	0		0	0	0	0						0	1								0	1	
695	神々の祭壇の神槍	weapon	神々の祭壇の素材を用いて鍛えた合成武器。店売り品より一段上の火力を持つ。	SSS	109506	0	423	100	0	0	0	1	0	0	1660	2026-06-08T15:45:51.000000Z	2026-06-12T14:14:21.000000Z	0	槍		27376	0		spear	one_hand	physical								0	1	0		0	0	0	0						0	1								0	1	
698	魔王領の黒刃	weapon	魔王領外郭の素材を用いて鍛えた合成武器。店売り品より一段上の火力を持つ。	EX	110224	0	469	101	0	0	0	1	0	0	1670	2026-06-08T15:45:51.000000Z	2026-06-12T14:14:21.000000Z	0	剣		27556	0		sword	one_hand	physical								0	1	0		0	0	0	0						0	1								0	1	
701	絶望回廊の絶刃	weapon	絶望の回廊の素材を用いて鍛えた合成武器。店売り品より一段上の火力を持つ。	EX	112710	0	469	102	0	0	0	1	0	0	1680	2026-06-08T15:45:51.000000Z	2026-06-12T14:14:21.000000Z	0	剣		28177	0		sword	one_hand	physical								0	1	0		0	0	0	0						0	1								0	1	
704	魔神の大剣	weapon	魔神の間の素材を用いて鍛えた合成武器。店売り品より一段上の火力を持つ。	EX	115196	0	469	104	0	0	0	1	0	0	1690	2026-06-08T15:45:52.000000Z	2026-06-12T14:14:21.000000Z	0	剣		28799	0		sword	one_hand	physical								0	1	0		0	0	0	0						0	1								0	1	
707	深淵牢の鎖剣	weapon	深淵の牢獄の素材を用いて鍛えた合成武器。店売り品より一段上の火力を持つ。	EX	117683	0	469	106	0	0	0	1	0	0	1700	2026-06-08T15:45:52.000000Z	2026-06-12T14:14:21.000000Z	0	剣		29420	0		sword	one_hand	physical								0	1	0		0	0	0	0						0	1								0	1	
710	黒玉座の王剣	weapon	黒き玉座の素材を用いて鍛えた合成武器。店売り品より一段上の火力を持つ。	EX	120169	0	469	108	0	0	0	1	0	0	1710	2026-06-08T15:45:52.000000Z	2026-06-12T14:14:21.000000Z	0	剣		30042	0		sword	one_hand	physical								0	1	0		0	0	0	0						0	1								0	1	
713	魔王城中枢の魔導剣	weapon	魔王城中枢の素材を用いて鍛えた合成武器。店売り品より一段上の火力を持つ。	EX	122655	0	469	112	0	0	0	1	0	0	1720	2026-06-08T15:45:52.000000Z	2026-06-12T14:14:21.000000Z	0	剣		30663	0		sword	one_hand	physical								0	1	0		0	0	0	0						0	1								0	1	
716	終焉祭壇の滅剣	weapon	終焉の祭壇の素材を用いて鍛えた合成武器。店売り品より一段上の火力を持つ。	EX	126246	0	469	114	0	0	0	1	0	0	1730	2026-06-08T15:45:52.000000Z	2026-06-12T14:14:21.000000Z	0	剣		31561	0		sword	one_hand	physical								0	1	0		0	0	0	0						0	1								0	1	
719	王都兵の剣	weapon	扱いやすい標準武器。物理職全般に向く。	K	500	0	26	0	2	0	0	20	0	0	70	2026-06-09T04:03:07.000000Z	2026-06-12T14:14:21.000000Z	0	剣		125	0	1	sword	one_hand	physical								0	1	0		0	0	0	0						0	1								0	1	
720	王都兵の斧	weapon	重い一撃に優れる高火力武器。	K	500	0	28	0	0	0	0	20	0	0	80	2026-06-09T04:03:07.000000Z	2026-06-12T14:14:21.000000Z	0	斧		125	0	1	axe	one_hand	physical								0	1	0		0	0	0	0						0	1								0	1	
721	王都兵の短剣	weapon	素早さと運を伸ばす軽量武器。	K	500	0	23	0	6	0	3	20	0	0	90	2026-06-09T04:03:07.000000Z	2026-06-12T14:14:21.000000Z	0	短剣		125	0	1	dagger	one_hand	physical								0	1	0		0	0	0	0						0	1								0	1	
722	王都兵の弓	weapon	命中と会心を意識した遠距離武器。	K	500	0	24	0	3	0	4	20	0	0	100	2026-06-09T04:03:07.000000Z	2026-06-12T14:14:21.000000Z	0	弓		125	0	1	bow	one_hand	physical								0	1	0		0	0	0	0						0	1								0	1	
723	王都兵の拳甲	weapon	連撃・格闘職向け。HPと素早さも補う。	K	400	0	24	0	5	0	0	20	0	0	50	2026-06-09T04:03:07.000000Z	2026-06-12T14:14:21.000000Z	0	拳		100	0	1	fist	one_hand	physical								0	1	0		0	0	0	0						0	1								0	1	
724	王都見習いの杖	weapon	魔法職向け。MAGとMPを大きく伸ばす。	K	500	0	0	0	0	26	0	20	0	0	110	2026-06-09T04:03:07.000000Z	2026-06-12T14:14:21.000000Z	5	杖	魔	125	30	1	staff	one_hand	magic								0	1	0		0	0	0	0						0	1								0	1	
725	王都兵の槍	weapon	攻撃と防御を両立する安定武器。	K	500	0	27	2	2	0	0	20	0	0	120	2026-06-09T04:03:07.000000Z	2026-06-12T14:14:21.000000Z	0	槍		125	0	1	spear	one_hand	physical								0	1	0		0	0	0	0						0	1								0	1	
726	王都式短銃	weapon	高価格だが攻撃と運に優れる特殊武器。	K	600	0	26	0	2	0	0	20	0	0	140	2026-06-09T04:03:07.000000Z	2026-06-12T14:14:21.000000Z	0	銃		150	0	1	gun	one_hand	physical								0	1	0		0	0	0	0						0	1								0	1	
727	王都式魔導具	weapon	魔力と運を伸ばす魔導職向け装備。	K	500	0	0	0	0	28	2	20	0	0	130	2026-06-09T04:03:07.000000Z	2026-06-12T14:14:21.000000Z	5	魔導具	魔	125	24	1	magic_device	one_hand	magic								0	1	0		0	0	0	0						0	1								0	1	
728	騎士団の戦斧	weapon	重い一撃に優れる高火力武器。	J	1900	0	43	0	0	0	0	40	0	0	210	2026-06-09T04:03:07.000000Z	2026-06-12T14:14:21.000000Z	0	斧		475	0	1	axe	one_hand	physical								0	1	0		0	0	0	0						0	1								0	1	
729	影歩きの短剣	weapon	素早さと運を伸ばす軽量武器。	J	1700	0	35	0	10	0	4	40	0	0	160	2026-06-09T04:03:07.000000Z	2026-06-12T14:14:21.000000Z	0	短剣		425	0	1	dagger	one_hand	physical								0	1	0		0	0	0	0						0	1								0	1	
730	王国長弓	weapon	命中と会心を意識した遠距離武器。	J	1800	0	38	0	5	0	6	40	0	0	190	2026-06-09T04:03:07.000000Z	2026-06-12T14:14:21.000000Z	0	弓		450	0	1	bow	one_hand	physical								0	1	0		0	0	0	0						0	1								0	1	
731	潮騎士の剣	weapon	扱いやすい標準武器。物理職全般に向く。	I	6600	0	62	0	5	0	0	25	0	0	260	2026-06-09T04:03:07.000000Z	2026-06-12T14:14:21.000000Z	0	剣		1650	0	2	sword	one_hand	physical								0	1	0		0	0	0	0						0	1								0	1	
732	潮風の短剣	weapon	素早さと運を伸ばす軽量武器。	I	6300	0	55	0	15	0	7	25	0	0	250	2026-06-09T04:03:07.000000Z	2026-06-12T14:14:21.000000Z	0	短剣		1575	0	2	dagger	one_hand	physical								0	1	0		0	0	0	0						0	1								0	1	
733	波切りの弓	weapon	命中と会心を意識した遠距離武器。	I	6600	0	58	0	8	0	9	25	0	0	270	2026-06-09T04:03:07.000000Z	2026-06-12T14:14:21.000000Z	0	弓		1650	0	2	bow	one_hand	physical								0	1	0		0	0	0	0						0	1								0	1	
734	船乗りの拳甲	weapon	連撃・格闘職向け。HPと素早さも補う。	I	5900	0	57	0	11	0	0	25	0	0	240	2026-06-09T04:03:07.000000Z	2026-06-12T14:14:21.000000Z	0	拳		1475	0	2	fist	one_hand	physical								0	1	0		0	0	0	0						0	1								0	1	
735	海鳴りの杖	weapon	魔法職向け。MAGとMPを大きく伸ばす。	I	6600	0	0	0	0	62	0	25	0	0	280	2026-06-09T04:03:07.000000Z	2026-06-12T14:14:21.000000Z	11	杖	魔	1650	71	2	staff	one_hand	magic								0	1	0		0	0	0	0						0	1								0	1	
736	銛槍トライデント	weapon	攻撃と防御を両立する安定武器。	I	6900	0	63	5	4	0	0	25	0	0	290	2026-06-09T04:03:07.000000Z	2026-06-12T14:14:21.000000Z	0	槍		1725	0	2	spear	one_hand	physical								0	1	0		0	0	0	0						0	1								0	1	
737	潮騒の銃	weapon	高価格だが攻撃と運に優れる特殊武器。	I	7600	0	62	0	5	0	0	25	0	0	310	2026-06-09T04:03:07.000000Z	2026-06-12T14:14:21.000000Z	0	銃		1900	0	2	gun	one_hand	physical								0	1	0		0	0	0	0						0	1								0	1	
738	蒼海の魔導具	weapon	魔力と運を伸ばす魔導職向け装備。	I	7300	0	0	0	0	67	5	25	0	0	300	2026-06-09T04:03:07.000000Z	2026-06-12T14:14:21.000000Z	12	魔導具	魔	1825	57	2	magic_device	one_hand	magic								0	1	0		0	0	0	0						0	1								0	1	
739	精霊樹の剣	weapon	扱いやすい標準武器。物理職全般に向く。	H	12700	0	86	0	7	0	0	80	0	0	340	2026-06-09T04:03:07.000000Z	2026-06-12T14:14:21.000000Z	0	剣		3175	0	3	sword	one_hand	physical								0	1	0		0	0	0	0						0	1								0	1	
740	森守りの戦斧	weapon	重い一撃に優れる高火力武器。	H	13400	0	93	0	0	0	0	80	0	0	370	2026-06-09T04:03:07.000000Z	2026-06-12T14:14:21.000000Z	0	斧		3350	0	3	axe	one_hand	physical								0	1	0		0	0	0	0						0	1								0	1	
741	木漏れ日の短剣	weapon	素早さと運を伸ばす軽量武器。	H	12100	0	76	0	21	0	9	80	0	0	330	2026-06-09T04:03:07.000000Z	2026-06-12T14:14:21.000000Z	0	短剣		3025	0	3	dagger	one_hand	physical								0	1	0		0	0	0	0						0	1								0	1	
742	精霊弦の弓	weapon	命中と会心を意識した遠距離武器。	H	12700	0	81	0	11	0	13	80	0	0	350	2026-06-09T04:03:07.000000Z	2026-06-12T14:14:21.000000Z	0	弓		3175	0	3	bow	one_hand	physical								0	1	0		0	0	0	0						0	1								0	1	
743	森霊の拳甲	weapon	連撃・格闘職向け。HPと素早さも補う。	H	11500	0	79	0	16	0	0	80	0	0	320	2026-06-09T04:03:07.000000Z	2026-06-12T14:14:21.000000Z	0	拳		2875	0	3	fist	one_hand	physical								0	1	0		0	0	0	0						0	1								0	1	
744	精霊樹の杖	weapon	魔法職向け。MAGとMPを大きく伸ばす。	H	12700	0	0	0	0	86	0	80	0	0	360	2026-06-09T04:03:07.000000Z	2026-06-12T14:14:21.000000Z	15	杖	魔	3175	99	3	staff	one_hand	magic								0	1	0		0	0	0	0						0	1								0	1	
745	若葉の槍	weapon	攻撃と防御を両立する安定武器。	H	13400	0	88	7	5	0	0	80	0	0	380	2026-06-09T04:03:07.000000Z	2026-06-12T14:14:21.000000Z	0	槍		3350	0	3	spear	one_hand	physical								0	1	0		0	0	0	0						0	1								0	1	
746	翠風の銃	weapon	高価格だが攻撃と運に優れる特殊武器。	H	14700	0	86	0	7	0	0	80	0	0	400	2026-06-09T04:03:07.000000Z	2026-06-12T14:14:21.000000Z	0	銃		3675	0	3	gun	one_hand	physical								0	1	0		0	0	0	0						0	1								0	1	
747	精霊核の魔導具	weapon	魔力と運を伸ばす魔導職向け装備。	H	14000	0	0	0	0	93	7	80	0	0	390	2026-06-09T04:03:07.000000Z	2026-06-12T14:14:21.000000Z	17	魔導具	魔	3500	79	3	magic_device	one_hand	magic								0	1	0		0	0	0	0						0	1								0	1	
748	黒鉄の剣	weapon	扱いやすい標準武器。物理職全般に向く。	G	19800	0	115	0	9	0	0	100	0	0	430	2026-06-09T04:03:07.000000Z	2026-06-12T14:14:21.000000Z	0	剣		4950	0	4	sword	one_hand	physical								0	1	0		0	0	0	0						0	1								0	1	
749	黒鉄の大斧	weapon	重い一撃に優れる高火力武器。	G	20800	0	124	0	0	0	0	100	0	0	460	2026-06-09T04:03:07.000000Z	2026-06-12T14:14:21.000000Z	0	斧		5200	0	4	axe	one_hand	physical								0	1	0		0	0	0	0						0	1								0	1	
750	機工短剣	weapon	素早さと運を伸ばす軽量武器。	G	18800	0	101	0	28	0	12	100	0	0	420	2026-06-09T04:03:07.000000Z	2026-06-12T14:14:21.000000Z	0	短剣		4700	0	4	dagger	one_hand	physical								0	1	0		0	0	0	0						0	1								0	1	
751	鋼弦の弓	weapon	弓系のEランク武器。合成進化で上位ランクへ育成する。	E	0	0	15	0	5	0	5	1	0	1	303	2026-06-09T04:03:07.000000Z	2026-06-12T14:14:28.000000Z	0	弓		0	0		bow	one_hand	physical				WPN_0058	BOW	弓	E	3	1.8225	3	WPN_0059	1	1	0	3						0	1								0	1	
752	鋼鉄拳甲	weapon	連撃・格闘職向け。HPと素早さも補う。	G	17800	0	106	0	21	0	0	100	0	0	410	2026-06-09T04:03:07.000000Z	2026-06-12T14:14:21.000000Z	0	拳		4450	0	4	fist	one_hand	physical								0	1	0		0	0	0	0						0	1								0	1	
753	炉心の杖	weapon	魔法職向け。MAGとMPを大きく伸ばす。	G	19800	0	0	0	0	115	0	100	0	0	450	2026-06-09T04:03:07.000000Z	2026-06-12T14:14:21.000000Z	21	杖	魔	4950	132	4	staff	one_hand	magic								0	1	0		0	0	0	0						0	1								0	1	
754	鋼機の槍	weapon	攻撃と防御を両立する安定武器。	G	20800	0	117	9	7	0	0	100	0	0	470	2026-06-09T04:03:07.000000Z	2026-06-12T14:14:21.000000Z	0	槍		5200	0	4	spear	one_hand	physical								0	1	0		0	0	0	0						0	1								0	1	
755	工房式ライフル	weapon	高価格だが攻撃と運に優れる特殊武器。	G	22800	0	115	0	9	0	0	100	0	0	490	2026-06-09T04:03:07.000000Z	2026-06-12T14:14:21.000000Z	0	銃		5700	0	4	gun	one_hand	physical								0	1	0		0	0	0	0						0	1								0	1	
756	炉心魔導盤	weapon	魔力と運を伸ばす魔導職向け装備。	G	21800	0	0	0	0	124	10	100	0	0	480	2026-06-09T04:03:07.000000Z	2026-06-12T14:14:21.000000Z	22	魔導具	魔	5450	105	4	magic_device	one_hand	magic								0	1	0		0	0	0	0						0	1								0	1	
757	氷刃の剣	weapon	扱いやすい標準武器。物理職全般に向く。	F	27700	0	145	0	12	0	0	130	0	0	520	2026-06-09T04:03:07.000000Z	2026-06-12T14:14:21.000000Z	0	剣		6925	0	5	sword	one_hand	physical								0	1	0		0	0	0	0						0	1								0	1	
758	氷砕きの戦斧	weapon	重い一撃に優れる高火力武器。	F	29000	0	157	0	0	0	0	130	0	0	550	2026-06-09T04:03:07.000000Z	2026-06-12T14:14:21.000000Z	0	斧		7250	0	5	axe	one_hand	physical								0	1	0		0	0	0	0						0	1								0	1	
759	霜影の短剣	weapon	素早さと運を伸ばす軽量武器。	F	26300	0	128	0	36	0	15	130	0	0	510	2026-06-09T04:03:07.000000Z	2026-06-12T14:14:21.000000Z	0	短剣		6575	0	5	dagger	one_hand	physical								0	1	0		0	0	0	0						0	1								0	1	
760	氷弦の弓	weapon	命中と会心を意識した遠距離武器。	F	27700	0	136	0	19	0	22	130	0	0	530	2026-06-09T04:03:07.000000Z	2026-06-12T14:14:21.000000Z	0	弓		6925	0	5	bow	one_hand	physical								0	1	0		0	0	0	0						0	1								0	1	
761	霜鉄の拳甲	weapon	連撃・格闘職向け。HPと素早さも補う。	F	24900	0	133	0	27	0	0	130	0	0	500	2026-06-09T04:03:07.000000Z	2026-06-12T14:14:21.000000Z	0	拳		6225	0	5	fist	one_hand	physical								0	1	0		0	0	0	0						0	1								0	1	
762	氷晶の杖	weapon	魔法職向け。MAGとMPを大きく伸ばす。	F	27700	0	0	0	0	145	0	130	0	0	540	2026-06-09T04:03:07.000000Z	2026-06-12T14:14:21.000000Z	26	杖	魔	6925	167	5	staff	one_hand	magic								0	1	0		0	0	0	0						0	1								0	1	
763	氷槍グレイシア	weapon	攻撃と防御を両立する安定武器。	F	29000	0	148	12	9	0	0	130	0	0	560	2026-06-09T04:03:07.000000Z	2026-06-12T14:14:21.000000Z	0	槍		7250	0	5	spear	one_hand	physical								0	1	0		0	0	0	0						0	1								0	1	
764	凍結銃	weapon	高価格だが攻撃と運に優れる特殊武器。	F	31800	0	145	0	12	0	0	130	0	0	580	2026-06-09T04:03:07.000000Z	2026-06-12T14:14:21.000000Z	0	銃		7950	0	5	gun	one_hand	physical								0	1	0		0	0	0	0						0	1								0	1	
765	氷晶魔導具	weapon	魔力と運を伸ばす魔導職向け装備。	F	30400	0	0	0	0	157	13	130	0	0	570	2026-06-09T04:03:07.000000Z	2026-06-12T14:14:21.000000Z	28	魔導具	魔	7600	133	5	magic_device	one_hand	magic								0	1	0		0	0	0	0						0	1								0	1	
766	砂王の曲剣	weapon	扱いやすい標準武器。物理職全般に向く。	E	36200	0	180	0	14	0	0	160	0	0	610	2026-06-09T04:03:07.000000Z	2026-06-12T14:14:21.000000Z	0	剣		9050	0	6	sword	one_hand	physical								0	1	0		0	0	0	0						0	1								0	1	
767	太陽の戦斧	weapon	重い一撃に優れる高火力武器。	E	38000	0	194	0	0	0	0	160	0	0	640	2026-06-09T04:03:07.000000Z	2026-06-12T14:14:21.000000Z	0	斧		9500	0	6	axe	one_hand	physical								0	1	0		0	0	0	0						0	1								0	1	
768	砂影の短剣	weapon	素早さと運を伸ばす軽量武器。	E	34300	0	158	0	44	0	19	160	0	0	600	2026-06-09T04:03:07.000000Z	2026-06-12T14:14:21.000000Z	0	短剣		8575	0	6	dagger	one_hand	physical								0	1	0		0	0	0	0						0	1								0	1	
769	砂嵐の弓	weapon	命中と会心を意識した遠距離武器。	E	36200	0	169	0	24	0	27	160	0	0	620	2026-06-09T04:03:07.000000Z	2026-06-12T14:14:21.000000Z	0	弓		9050	0	6	bow	one_hand	physical								0	1	0		0	0	0	0						0	1								0	1	
770	砂鉄の拳甲	weapon	連撃・格闘職向け。HPと素早さも補う。	E	32500	0	166	0	33	0	0	160	0	0	590	2026-06-09T04:03:07.000000Z	2026-06-12T14:14:21.000000Z	0	拳		8125	0	6	fist	one_hand	physical								0	1	0		0	0	0	0						0	1								0	1	
771	太陽祭司の杖	weapon	魔法職向け。MAGとMPを大きく伸ばす。	E	36200	0	0	0	0	180	0	160	0	0	630	2026-06-09T04:03:07.000000Z	2026-06-12T14:14:21.000000Z	32	杖	魔	9050	207	6	staff	one_hand	magic								0	1	0		0	0	0	0						0	1								0	1	
772	砂王の槍	weapon	攻撃と防御を両立する安定武器。	E	38000	0	184	15	11	0	0	160	0	0	650	2026-06-09T04:03:07.000000Z	2026-06-12T14:14:21.000000Z	0	槍		9500	0	6	spear	one_hand	physical								0	1	0		0	0	0	0						0	1								0	1	
773	砂塵銃	weapon	高価格だが攻撃と運に優れる特殊武器。	E	41600	0	180	0	14	0	0	160	0	0	680	2026-06-09T04:03:07.000000Z	2026-06-12T14:14:21.000000Z	0	銃		10400	0	6	gun	one_hand	physical								0	1	0		0	0	0	0						0	1								0	1	
774	古代砂晶盤	weapon	魔力と運を伸ばす魔導職向け装備。	E	39800	0	0	0	0	194	16	160	0	0	660	2026-06-09T04:03:07.000000Z	2026-06-12T14:14:21.000000Z	35	魔導具	魔	9950	165	6	magic_device	one_hand	magic								0	1	0		0	0	0	0						0	1								0	1	
775	冥界の剣	weapon	扱いやすい標準武器。物理職全般に向く。	C	54700	0	252	0	20	0	0	200	0	0	790	2026-06-09T04:03:07.000000Z	2026-06-12T14:14:21.000000Z	0	剣		13675	0	8	sword	one_hand	physical								0	1	0		0	0	0	0						0	1								0	1	
776	冥府の大斧	weapon	重い一撃に優れる高火力武器。	C	57500	0	272	0	0	0	0	200	0	0	820	2026-06-09T04:03:07.000000Z	2026-06-12T14:14:21.000000Z	0	斧		14375	0	8	axe	one_hand	physical								0	1	0		0	0	0	0						0	1								0	1	
777	死影の短剣	weapon	素早さと運を伸ばす軽量武器。	C	52000	0	222	0	62	0	27	200	0	0	780	2026-06-09T04:03:07.000000Z	2026-06-12T14:14:21.000000Z	0	短剣		13000	0	8	dagger	one_hand	physical								0	1	0		0	0	0	0						0	1								0	1	
778	冥弦の弓	weapon	命中と会心を意識した遠距離武器。	C	54700	0	237	0	33	0	38	200	0	0	800	2026-06-09T04:03:07.000000Z	2026-06-12T14:14:21.000000Z	0	弓		13675	0	8	bow	one_hand	physical								0	1	0		0	0	0	0						0	1								0	1	
779	冥鉄の拳甲	weapon	連撃・格闘職向け。HPと素早さも補う。	C	49300	0	232	0	46	0	0	200	0	0	750	2026-06-09T04:03:07.000000Z	2026-06-12T14:14:21.000000Z	0	拳		12325	0	8	fist	one_hand	physical								0	1	0		0	0	0	0						0	1								0	1	
780	死霊王の杖	weapon	魔法職向け。MAGとMPを大きく伸ばす。	C	54700	0	0	0	0	252	0	200	0	0	810	2026-06-09T04:03:07.000000Z	2026-06-12T14:14:21.000000Z	45	杖	魔	13675	290	8	staff	one_hand	magic								0	1	0		0	0	0	0						0	1								0	1	
781	冥槍ノクス	weapon	攻撃と防御を両立する安定武器。	C	57500	0	257	21	15	0	0	200	0	0	830	2026-06-09T04:03:07.000000Z	2026-06-12T14:14:21.000000Z	0	槍		14375	0	8	spear	one_hand	physical								0	1	0		0	0	0	0						0	1								0	1	
782	冥弾銃	weapon	高価格だが攻撃と運に優れる特殊武器。	C	63000	0	252	0	20	0	0	200	0	0	870	2026-06-09T04:03:07.000000Z	2026-06-12T14:14:21.000000Z	0	銃		15750	0	8	gun	one_hand	physical								0	1	0		0	0	0	0						0	1								0	1	
783	深淵の魔導核	weapon	魔力と運を伸ばす魔導職向け装備。	C	60200	0	0	0	0	272	22	200	0	0	850	2026-06-09T04:03:07.000000Z	2026-06-12T14:14:21.000000Z	49	魔導具	魔	15050	231	8	magic_device	one_hand	magic								0	1	0		0	0	0	0						0	1								0	1	
784	天空の剣	weapon	扱いやすい標準武器。物理職全般に向く。	B	64700	0	295	0	24	0	0	230	0	0	890	2026-06-09T04:03:07.000000Z	2026-06-12T14:14:21.000000Z	0	剣		16175	0	9	sword	one_hand	physical								0	1	0		0	0	0	0						0	1								0	1	
785	天雷の戦斧	weapon	重い一撃に優れる高火力武器。	B	68000	0	319	0	0	0	0	230	0	0	920	2026-06-09T04:03:07.000000Z	2026-06-12T14:14:21.000000Z	0	斧		17000	0	9	axe	one_hand	physical								0	1	0		0	0	0	0						0	1								0	1	
786	星影の短剣	weapon	素早さと運を伸ばす軽量武器。	B	61500	0	260	0	73	0	31	230	0	0	860	2026-06-09T04:03:07.000000Z	2026-06-12T14:14:21.000000Z	0	短剣		15375	0	9	dagger	one_hand	physical								0	1	0		0	0	0	0						0	1								0	1	
787	星天の弓	weapon	命中と会心を意識した遠距離武器。	B	64700	0	277	0	39	0	44	230	0	0	900	2026-06-09T04:03:07.000000Z	2026-06-12T14:14:21.000000Z	0	弓		16175	0	9	bow	one_hand	physical								0	1	0		0	0	0	0						0	1								0	1	
788	天翼の拳甲	weapon	連撃・格闘職向け。HPと素早さも補う。	B	58300	0	271	0	54	0	0	230	0	0	840	2026-06-09T04:03:07.000000Z	2026-06-12T14:14:21.000000Z	0	拳		14575	0	9	fist	one_hand	physical								0	1	0		0	0	0	0						0	1								0	1	
789	天槍アストラ	weapon	攻撃と防御を両立する安定武器。	B	68000	0	301	24	18	0	0	230	0	0	930	2026-06-09T04:03:07.000000Z	2026-06-12T14:14:21.000000Z	0	槍		17000	0	9	spear	one_hand	physical								0	1	0		0	0	0	0						0	1								0	1	
790	星天の魔導盤	weapon	魔力と運を伸ばす魔導職向け装備。	B	71200	0	0	0	0	319	26	230	0	0	940	2026-06-09T04:03:07.000000Z	2026-06-12T14:14:21.000000Z	57	魔導具	魔	17800	271	9	magic_device	one_hand	magic								0	1	0		0	0	0	0						0	1								0	1	
791	覇滅の戦斧	weapon	重い一撃に優れる高火力武器。	A	78900	0	373	0	0	0	0	260	0	0	1000	2026-06-09T04:03:07.000000Z	2026-06-12T14:14:21.000000Z	0	斧		19725	0	10	axe	one_hand	physical								0	1	0		0	0	0	0						0	1								0	1	
792	黒翼の短剣	weapon	素早さと運を伸ばす軽量武器。	A	71400	0	304	0	85	0	36	260	0	0	950	2026-06-09T04:03:07.000000Z	2026-06-12T14:14:21.000000Z	0	短剣		17850	0	10	dagger	one_hand	physical								0	1	0		0	0	0	0						0	1								0	1	
793	終月の弓	weapon	命中と会心を意識した遠距離武器。	A	75100	0	324	0	45	0	52	260	0	0	990	2026-06-09T04:03:07.000000Z	2026-06-12T14:14:21.000000Z	0	弓		18775	0	10	bow	one_hand	physical								0	1	0		0	0	0	0						0	1								0	1	
794	覇王の拳甲	weapon	連撃・格闘職向け。HPと素早さも補う。	A	67600	0	317	0	63	0	0	260	0	0	910	2026-06-09T04:03:07.000000Z	2026-06-12T14:14:21.000000Z	0	拳		16900	0	10	fist	one_hand	physical								0	1	0		0	0	0	0						0	1								0	1	
795	覇滅の魔槍	weapon	攻撃と防御を両立する安定武器。	A	78900	0	352	28	21	0	0	260	0	0	1010	2026-06-09T04:03:07.000000Z	2026-06-12T14:14:21.000000Z	0	槍		19725	0	10	spear	one_hand	physical								0	1	0		0	0	0	0						0	1								0	1	
796	終焉銃	weapon	高価格だが攻撃と運に優れる特殊武器。	A	86400	0	345	0	28	0	0	260	0	0	1030	2026-06-09T04:03:07.000000Z	2026-06-12T14:14:21.000000Z	0	銃		21600	0	10	gun	one_hand	physical								0	1	0		0	0	0	0						0	1								0	1	
797	終焉の魔導核	weapon	魔力と運を伸ばす魔導職向け装備。	A	82700	0	0	0	0	373	30	260	0	0	1020	2026-06-09T04:03:07.000000Z	2026-06-12T14:14:21.000000Z	67	魔導具	魔	20675	317	10	magic_device	one_hand	magic								0	1	0		0	0	0	0						0	1								0	1	
9102	白銀の剣	weapon	剣系のCランク武器。合成進化で上位ランクへ育成する。	C	0	0	33	7	3	0	0	1	0	1	505	2026-06-12T14:14:17.000000Z	2026-06-12T14:14:28.000000Z	0	剣		0	0		sword						WPN_0005	SWORD	剣	C	5	3.3215	5	WPN_0006	1	1	0	3						0	1								0	1	
9103	王家の剣	weapon	剣系のBランク武器。合成進化で上位ランクへ育成する。	B	0	0	45	9	4	0	0	1	0	1	606	2026-06-12T14:14:17.000000Z	2026-06-12T14:14:28.000000Z	0	剣		0	0		sword						WPN_0006	SWORD	剣	B	6	4.484	6	WPN_0007	1	1	0	3						0	1								0	1	
9104	英雄の剣	weapon	剣系のAランク武器。合成進化で上位ランクへ育成する。	A	0	0	61	12	6	0	0	1	0	1	707	2026-06-12T14:14:17.000000Z	2026-06-12T14:14:28.000000Z	0	剣		0	0		sword						WPN_0007	SWORD	剣	A	7	6.0534	7	WPN_0008	1	1	0	3						0	1								0	1	
9105	聖剣アークレア	weapon	剣系のSランク武器。合成進化で上位ランクへ育成する。	S	0	0	82	16	8	0	0	1	0	1	808	2026-06-12T14:14:17.000000Z	2026-06-12T14:14:28.000000Z	0	剣		0	0		sword						WPN_0008	SWORD	剣	S	8	8.1722	8	WPN_0009	1	0	0	3						0	1								0	1	
9106	星詠みの聖剣	weapon	剣系のSSランク武器。合成進化で上位ランクへ育成する。	SS	0	0	110	22	11	0	0	1	0	1	909	2026-06-12T14:14:17.000000Z	2026-06-12T14:14:28.000000Z	0	剣		0	0		sword						WPN_0009	SWORD	剣	SS	9	11.0324	9	WPN_0010	1	0	0	3						0	1								0	1	
9107	天命の剣	weapon	剣系のSSSランク武器。合成進化で上位ランクへ育成する。	SSS	0	0	149	30	15	0	0	1	0	1	1010	2026-06-12T14:14:17.000000Z	2026-06-12T14:14:28.000000Z	0	剣		0	0		sword						WPN_0010	SWORD	剣	SSS	10	14.8937	10	WPN_0011	1	0	0	3						0	1								0	1	
9108	ヴァルゼリアの英雄剣	weapon	剣系のEPICランク武器。合成進化で上位ランクへ育成する。	EPIC	0	0	201	40	20	0	0	1	0	1	1111	2026-06-12T14:14:17.000000Z	2026-06-12T14:14:28.000000Z	0	剣		0	0		sword						WPN_0011	SWORD	剣	EPIC	11	20.1066	11		0	0	0	3						0	1								0	1	
9109	錆びた短剣	weapon	短剣系のGランク武器。合成進化で上位ランクへ育成する。	G	0	0	7	0	4	0	3	1	0	1	101	2026-06-12T14:14:17.000000Z	2026-06-12T14:14:28.000000Z	0	短剣		0	0		dagger						WPN_0012	DAGGER	短剣	G	1	1	1	WPN_0013	1	1	1	3						0	1								0	1	
9110	鉄の短剣	weapon	短剣系のFランク武器。合成進化で上位ランクへ育成する。	F	0	0	9	0	5	0	4	1	0	1	202	2026-06-12T14:14:17.000000Z	2026-06-12T14:14:28.000000Z	0	短剣		0	0		dagger						WPN_0013	DAGGER	短剣	F	2	1.35	2	WPN_0014	1	1	0	3						0	1								0	1	
9111	盗賊のナイフ	weapon	短剣系のEランク武器。合成進化で上位ランクへ育成する。	E	0	0	13	0	7	0	5	1	0	1	303	2026-06-12T14:14:17.000000Z	2026-06-12T14:14:28.000000Z	0	短剣		0	0		dagger						WPN_0014	DAGGER	短剣	E	3	1.8225	3	WPN_0015	1	1	0	3						0	1								0	1	
9112	影切りの短剣	weapon	短剣系のDランク武器。合成進化で上位ランクへ育成する。	D	0	0	17	0	10	0	7	1	0	1	404	2026-06-12T14:14:17.000000Z	2026-06-12T14:14:28.000000Z	0	短剣		0	0		dagger						WPN_0015	DAGGER	短剣	D	4	2.4604	4	WPN_0016	1	1	0	3						0	1								0	1	
9113	風牙のダガー	weapon	短剣系のCランク武器。合成進化で上位ランクへ育成する。	C	0	0	23	0	13	0	10	1	0	1	505	2026-06-12T14:14:17.000000Z	2026-06-12T14:14:28.000000Z	0	短剣		0	0		dagger						WPN_0016	DAGGER	短剣	C	5	3.3215	5	WPN_0017	1	1	0	3						0	1								0	1	
9114	夜叉の短剣	weapon	短剣系のBランク武器。合成進化で上位ランクへ育成する。	B	0	0	31	0	18	0	13	1	0	1	606	2026-06-12T14:14:17.000000Z	2026-06-12T14:14:28.000000Z	0	短剣		0	0		dagger						WPN_0017	DAGGER	短剣	B	6	4.484	6	WPN_0018	1	1	0	3						0	1								0	1	
9115	月影の刃	weapon	短剣系のAランク武器。合成進化で上位ランクへ育成する。	A	0	0	42	0	24	0	18	1	0	1	707	2026-06-12T14:14:17.000000Z	2026-06-12T14:14:28.000000Z	0	短剣		0	0		dagger						WPN_0018	DAGGER	短剣	A	7	6.0534	7	WPN_0019	1	1	0	3						0	1								0	1	
9116	幻影の双刃	weapon	短剣系のSランク武器。合成進化で上位ランクへ育成する。	S	0	0	57	0	33	0	25	1	0	1	808	2026-06-12T14:14:17.000000Z	2026-06-12T14:14:28.000000Z	0	短剣		0	0		dagger						WPN_0019	DAGGER	短剣	S	8	8.1722	8	WPN_0020	1	0	0	3						0	1								0	1	
9117	神速の短剣	weapon	短剣系のSSランク武器。合成進化で上位ランクへ育成する。	SS	0	0	77	0	44	0	33	1	0	1	909	2026-06-12T14:14:17.000000Z	2026-06-12T14:14:28.000000Z	0	短剣		0	0		dagger						WPN_0020	DAGGER	短剣	SS	9	11.0324	9	WPN_0021	1	0	0	3						0	1								0	1	
9118	時裂きの刃	weapon	短剣系のSSSランク武器。合成進化で上位ランクへ育成する。	SSS	0	0	104	0	60	0	45	1	0	1	1010	2026-06-12T14:14:17.000000Z	2026-06-12T14:14:28.000000Z	0	短剣		0	0		dagger						WPN_0021	DAGGER	短剣	SSS	10	14.8937	10	WPN_0022	1	0	0	3						0	1								0	1	
9119	無影の神刃	weapon	短剣系のEPICランク武器。合成進化で上位ランクへ育成する。	EPIC	0	0	141	0	80	0	60	1	0	1	1111	2026-06-12T14:14:17.000000Z	2026-06-12T14:14:28.000000Z	0	短剣		0	0		dagger						WPN_0022	DAGGER	短剣	EPIC	11	20.1066	11		0	0	0	3						0	1								0	1	
9120	木の槍	weapon	槍系のGランク武器。合成進化で上位ランクへ育成する。	G	0	0	10	1	2	0	0	1	0	1	101	2026-06-12T14:14:17.000000Z	2026-06-12T14:14:28.000000Z	0	槍		0	0		spear						WPN_0023	SPEAR	槍	G	1	1	1	WPN_0024	1	1	1	3						0	1								0	1	
9121	鉄の槍	weapon	槍系のFランク武器。合成進化で上位ランクへ育成する。	F	0	0	14	1	3	0	0	1	0	1	202	2026-06-12T14:14:17.000000Z	2026-06-12T14:14:28.000000Z	0	槍		0	0		spear						WPN_0024	SPEAR	槍	F	2	1.35	2	WPN_0025	1	1	0	3						0	1								0	1	
9122	騎兵の槍	weapon	槍系のEランク武器。合成進化で上位ランクへ育成する。	E	0	0	18	2	4	0	0	1	0	1	303	2026-06-12T14:14:17.000000Z	2026-06-12T14:14:28.000000Z	0	槍		0	0		spear						WPN_0025	SPEAR	槍	E	3	1.8225	3	WPN_0026	1	1	0	3						0	1								0	1	
9123	鋼牙の槍	weapon	槍系のDランク武器。合成進化で上位ランクへ育成する。	D	0	0	25	2	5	0	0	1	0	1	404	2026-06-12T14:14:17.000000Z	2026-06-12T14:14:28.000000Z	0	槍		0	0		spear						WPN_0026	SPEAR	槍	D	4	2.4604	4	WPN_0027	1	1	0	3						0	1								0	1	
9124	竜牙の槍	weapon	槍系のCランク武器。合成進化で上位ランクへ育成する。	C	0	0	33	3	7	0	0	1	0	1	505	2026-06-12T14:14:17.000000Z	2026-06-12T14:14:28.000000Z	0	槍		0	0		spear						WPN_0027	SPEAR	槍	C	5	3.3215	5	WPN_0028	1	1	0	3						0	1								0	1	
9125	蒼穹の槍	weapon	槍系のBランク武器。合成進化で上位ランクへ育成する。	B	0	0	45	4	9	0	0	1	0	1	606	2026-06-12T14:14:17.000000Z	2026-06-12T14:14:28.000000Z	0	槍		0	0		spear						WPN_0028	SPEAR	槍	B	6	4.484	6	WPN_0029	1	1	0	3						0	1								0	1	
9126	聖騎士の槍	weapon	槍系のAランク武器。合成進化で上位ランクへ育成する。	A	0	0	61	6	12	0	0	1	0	1	707	2026-06-12T14:14:17.000000Z	2026-06-12T14:14:28.000000Z	0	槍		0	0		spear						WPN_0029	SPEAR	槍	A	7	6.0534	7	WPN_0030	1	1	0	3						0	1								0	1	
9127	竜殺しの聖槍	weapon	槍系のSランク武器。合成進化で上位ランクへ育成する。	S	0	0	82	8	16	0	0	1	0	1	808	2026-06-12T14:14:17.000000Z	2026-06-12T14:14:28.000000Z	0	槍		0	0		spear						WPN_0030	SPEAR	槍	S	8	8.1722	8	WPN_0031	1	0	0	3						0	1								0	1	
9128	天翔ける神槍	weapon	槍系のSSランク武器。合成進化で上位ランクへ育成する。	SS	0	0	110	11	22	0	0	1	0	1	909	2026-06-12T14:14:17.000000Z	2026-06-12T14:14:28.000000Z	0	槍		0	0		spear						WPN_0031	SPEAR	槍	SS	9	11.0324	9	WPN_0032	1	0	0	3						0	1								0	1	
9129	竜神の槍	weapon	槍系のSSSランク武器。合成進化で上位ランクへ育成する。	SSS	0	0	149	15	30	0	0	1	0	1	1010	2026-06-12T14:14:17.000000Z	2026-06-12T14:14:28.000000Z	0	槍		0	0		spear						WPN_0032	SPEAR	槍	SSS	10	14.8937	10	WPN_0033	1	0	0	3						0	1								0	1	
9130	天地貫く原初槍	weapon	槍系のEPICランク武器。合成進化で上位ランクへ育成する。	EPIC	0	0	201	20	40	0	0	1	0	1	1111	2026-06-12T14:14:17.000000Z	2026-06-12T14:14:28.000000Z	0	槍		0	0		spear						WPN_0033	SPEAR	槍	EPIC	11	20.1066	11		0	0	0	3						0	1								0	1	
9131	石斧	weapon	斧系のGランク武器。合成進化で上位ランクへ育成する。	G	0	0	14	0	-2	0	0	1	0	1	101	2026-06-12T14:14:17.000000Z	2026-06-12T14:14:28.000000Z	0	斧		0	0		axe						WPN_0034	AXE	斧	G	1	1	1	WPN_0035	1	1	1	3						0	1								0	1	
9132	鉄斧	weapon	斧系のFランク武器。合成進化で上位ランクへ育成する。	F	0	0	19	0	-3	0	0	1	0	1	202	2026-06-12T14:14:17.000000Z	2026-06-12T14:14:28.000000Z	0	斧		0	0		axe						WPN_0035	AXE	斧	F	2	1.35	2	WPN_0036	1	1	0	3						0	1								0	1	
9133	戦斧	weapon	斧系のEランク武器。合成進化で上位ランクへ育成する。	E	0	0	26	0	-4	0	0	1	0	1	303	2026-06-12T14:14:17.000000Z	2026-06-12T14:14:28.000000Z	0	斧		0	0		axe						WPN_0036	AXE	斧	E	3	1.8225	3	WPN_0037	1	1	0	3						0	1								0	1	
9134	重戦斧	weapon	斧系のDランク武器。合成進化で上位ランクへ育成する。	D	0	0	34	0	-5	0	0	1	0	1	404	2026-06-12T14:14:17.000000Z	2026-06-12T14:14:28.000000Z	0	斧		0	0		axe						WPN_0037	AXE	斧	D	4	2.4604	4	WPN_0038	1	1	0	3						0	1								0	1	
9135	断岩の斧	weapon	斧系のCランク武器。合成進化で上位ランクへ育成する。	C	0	0	47	0	-7	0	0	1	0	1	505	2026-06-12T14:14:17.000000Z	2026-06-12T14:14:28.000000Z	0	斧		0	0		axe						WPN_0038	AXE	斧	C	5	3.3215	5	WPN_0039	1	1	0	3						0	1								0	1	
9136	暴君の斧	weapon	斧系のBランク武器。合成進化で上位ランクへ育成する。	B	0	0	63	0	-9	0	0	1	0	1	606	2026-06-12T14:14:17.000000Z	2026-06-12T14:14:28.000000Z	0	斧		0	0		axe						WPN_0039	AXE	斧	B	6	4.484	6	WPN_0040	1	1	0	3						0	1								0	1	
9137	竜断ちの斧	weapon	斧系のAランク武器。合成進化で上位ランクへ育成する。	A	0	0	85	0	-12	0	0	1	0	1	707	2026-06-12T14:14:17.000000Z	2026-06-12T14:14:28.000000Z	0	斧		0	0		axe						WPN_0040	AXE	斧	A	7	6.0534	7	WPN_0041	1	1	0	3						0	1								0	1	
9138	魔神の大斧	weapon	斧系のSランク武器。合成進化で上位ランクへ育成する。	S	0	0	114	0	-16	0	0	1	0	1	808	2026-06-12T14:14:17.000000Z	2026-06-12T14:14:28.000000Z	0	斧		0	0		axe						WPN_0041	AXE	斧	S	8	8.1722	8	WPN_0042	1	0	0	3						0	1								0	1	
9139	終焉の斧	weapon	斧系のSSランク武器。合成進化で上位ランクへ育成する。	SS	0	0	154	0	-22	0	0	1	0	1	909	2026-06-12T14:14:17.000000Z	2026-06-12T14:14:28.000000Z	0	斧		0	0		axe						WPN_0042	AXE	斧	SS	9	11.0324	9	WPN_0043	1	0	0	3						0	1								0	1	
9140	世界樹断ちの斧	weapon	斧系のSSSランク武器。合成進化で上位ランクへ育成する。	SSS	0	0	209	0	-30	0	0	1	0	1	1010	2026-06-12T14:14:17.000000Z	2026-06-12T14:14:28.000000Z	0	斧		0	0		axe						WPN_0043	AXE	斧	SSS	10	14.8937	10	WPN_0044	1	0	0	3						0	1								0	1	
9141	創世を断つ神斧	weapon	斧系のEPICランク武器。合成進化で上位ランクへ育成する。	EPIC	0	0	281	0	-40	0	0	1	0	1	1111	2026-06-12T14:14:17.000000Z	2026-06-12T14:14:28.000000Z	0	斧		0	0		axe						WPN_0044	AXE	斧	EPIC	11	20.1066	11		0	0	0	3						0	1								0	1	
9142	棍棒	weapon	棍棒系のGランク武器。合成進化で上位ランクへ育成する。	G	0	0	12	2	-1	0	0	1	0	1	101	2026-06-12T14:14:17.000000Z	2026-06-12T14:14:28.000000Z	0	棍棒		0	0		axe						WPN_0045	CLUB	棍棒	G	1	1	1	WPN_0046	1	1	1	3						0	1								0	1	
9143	強化棍棒	weapon	棍棒系のFランク武器。合成進化で上位ランクへ育成する。	F	0	0	16	3	-1	0	0	1	0	1	202	2026-06-12T14:14:17.000000Z	2026-06-12T14:14:28.000000Z	0	棍棒		0	0		axe						WPN_0046	CLUB	棍棒	F	2	1.35	2	WPN_0047	1	1	0	3						0	1								0	1	
9144	鉄の棍棒	weapon	棍棒系のEランク武器。合成進化で上位ランクへ育成する。	E	0	0	22	4	-2	0	0	1	0	1	303	2026-06-12T14:14:17.000000Z	2026-06-12T14:14:28.000000Z	0	棍棒		0	0		axe						WPN_0047	CLUB	棍棒	E	3	1.8225	3	WPN_0048	1	1	0	3						0	1								0	1	
9145	戦棍	weapon	棍棒系のDランク武器。合成進化で上位ランクへ育成する。	D	0	0	30	5	-2	0	0	1	0	1	404	2026-06-12T14:14:17.000000Z	2026-06-12T14:14:28.000000Z	0	棍棒		0	0		axe						WPN_0048	CLUB	棍棒	D	4	2.4604	4	WPN_0049	1	1	0	3						0	1								0	1	
9146	破砕の戦棍	weapon	棍棒系のCランク武器。合成進化で上位ランクへ育成する。	C	0	0	40	7	-3	0	0	1	0	1	505	2026-06-12T14:14:17.000000Z	2026-06-12T14:14:28.000000Z	0	棍棒		0	0		axe						WPN_0049	CLUB	棍棒	C	5	3.3215	5	WPN_0050	1	1	0	3						0	1								0	1	
9147	巨人の棍棒	weapon	棍棒系のBランク武器。合成進化で上位ランクへ育成する。	B	0	0	54	9	-4	0	0	1	0	1	606	2026-06-12T14:14:17.000000Z	2026-06-12T14:14:28.000000Z	0	棍棒		0	0		axe						WPN_0050	CLUB	棍棒	B	6	4.484	6	WPN_0051	1	1	0	3						0	1								0	1	
9148	星砕きの棍棒	weapon	棍棒系のAランク武器。合成進化で上位ランクへ育成する。	A	0	0	73	12	-6	0	0	1	0	1	707	2026-06-12T14:14:17.000000Z	2026-06-12T14:14:28.000000Z	0	棍棒		0	0		axe						WPN_0051	CLUB	棍棒	A	7	6.0534	7	WPN_0052	1	1	0	3						0	1								0	1	
9149	神樹の大棍	weapon	棍棒系のSランク武器。合成進化で上位ランクへ育成する。	S	0	0	98	16	-8	0	0	1	0	1	808	2026-06-12T14:14:17.000000Z	2026-06-12T14:14:28.000000Z	0	棍棒		0	0		axe						WPN_0052	CLUB	棍棒	S	8	8.1722	8	WPN_0053	1	0	0	3						0	1								0	1	
9150	伝説の棍棒	weapon	棍棒系のSSランク武器。合成進化で上位ランクへ育成する。	SS	0	0	132	22	-11	0	0	1	0	1	909	2026-06-12T14:14:17.000000Z	2026-06-12T14:14:28.000000Z	0	棍棒		0	0		axe						WPN_0053	CLUB	棍棒	SS	9	11.0324	9	WPN_0054	1	0	0	3						0	1								0	1	
9151	原初の棍棒	weapon	棍棒系のSSSランク武器。合成進化で上位ランクへ育成する。	SSS	0	0	179	30	-15	0	0	1	0	1	1010	2026-06-12T14:14:17.000000Z	2026-06-12T14:14:28.000000Z	0	棍棒		0	0		axe						WPN_0054	CLUB	棍棒	SSS	10	14.8937	10	WPN_0055	1	0	0	3						0	1								0	1	
9152	神話を砕く棍棒	weapon	棍棒系のEPICランク武器。合成進化で上位ランクへ育成する。	EPIC	0	0	241	40	-20	0	0	1	0	1	1111	2026-06-12T14:14:17.000000Z	2026-06-12T14:14:28.000000Z	0	棍棒		0	0		axe						WPN_0055	CLUB	棍棒	EPIC	11	20.1066	11		0	0	0	3						0	1								0	1	
9153	木の弓	weapon	弓系のGランク武器。合成進化で上位ランクへ育成する。	G	0	0	8	0	3	0	3	1	0	1	101	2026-06-12T14:14:17.000000Z	2026-06-12T14:14:28.000000Z	0	弓		0	0		bow						WPN_0056	BOW	弓	G	1	1	1	WPN_0057	1	1	1	3						0	1								0	1	
9154	狩人の弓	weapon	弓系のFランク武器。合成進化で上位ランクへ育成する。	F	0	0	11	0	4	0	4	1	0	1	202	2026-06-12T14:14:17.000000Z	2026-06-12T14:14:28.000000Z	0	弓		0	0		bow						WPN_0057	BOW	弓	F	2	1.35	2	WPN_0058	1	1	0	3						0	1								0	1	
9155	森守の弓	weapon	弓系のDランク武器。合成進化で上位ランクへ育成する。	D	0	0	20	0	7	0	7	1	0	1	404	2026-06-12T14:14:17.000000Z	2026-06-12T14:14:28.000000Z	0	弓		0	0		bow						WPN_0059	BOW	弓	D	4	2.4604	4	WPN_0060	1	1	0	3						0	1								0	1	
9156	疾風の弓	weapon	弓系のCランク武器。合成進化で上位ランクへ育成する。	C	0	0	27	0	10	0	10	1	0	1	505	2026-06-12T14:14:17.000000Z	2026-06-12T14:14:28.000000Z	0	弓		0	0		bow						WPN_0060	BOW	弓	C	5	3.3215	5	WPN_0061	1	1	0	3						0	1								0	1	
9157	月詠みの弓	weapon	弓系のBランク武器。合成進化で上位ランクへ育成する。	B	0	0	36	0	13	0	13	1	0	1	606	2026-06-12T14:14:17.000000Z	2026-06-12T14:14:28.000000Z	0	弓		0	0		bow						WPN_0061	BOW	弓	B	6	4.484	6	WPN_0062	1	1	0	3						0	1								0	1	
9158	天空弓セレス	weapon	弓系のAランク武器。合成進化で上位ランクへ育成する。	A	0	0	48	0	18	0	18	1	0	1	707	2026-06-12T14:14:17.000000Z	2026-06-12T14:14:28.000000Z	0	弓		0	0		bow						WPN_0062	BOW	弓	A	7	6.0534	7	WPN_0063	1	1	0	3						0	1								0	1	
9159	流星の弓	weapon	弓系のSランク武器。合成進化で上位ランクへ育成する。	S	0	0	65	0	25	0	25	1	0	1	808	2026-06-12T14:14:17.000000Z	2026-06-12T14:14:28.000000Z	0	弓		0	0		bow						WPN_0063	BOW	弓	S	8	8.1722	8	WPN_0064	1	0	0	3						0	1								0	1	
9160	神射の弓	weapon	弓系のSSランク武器。合成進化で上位ランクへ育成する。	SS	0	0	88	0	33	0	33	1	0	1	909	2026-06-12T14:14:17.000000Z	2026-06-12T14:14:28.000000Z	0	弓		0	0		bow						WPN_0064	BOW	弓	SS	9	11.0324	9	WPN_0065	1	0	0	3						0	1								0	1	
9161	星界弓アルテミア	weapon	弓系のSSSランク武器。合成進化で上位ランクへ育成する。	SSS	0	0	119	0	45	0	45	1	0	1	1010	2026-06-12T14:14:17.000000Z	2026-06-12T14:14:28.000000Z	0	弓		0	0		bow						WPN_0065	BOW	弓	SSS	10	14.8937	10	WPN_0066	1	0	0	3						0	1								0	1	
9162	天星を射抜く神弓	weapon	弓系のEPICランク武器。合成進化で上位ランクへ育成する。	EPIC	0	0	161	0	60	0	60	1	0	1	1111	2026-06-12T14:14:17.000000Z	2026-06-12T14:14:28.000000Z	0	弓		0	0		bow						WPN_0066	BOW	弓	EPIC	11	20.1066	11		0	0	0	3						0	1								0	1	
9163	木の杖	weapon	杖系のGランク武器。合成進化で上位ランクへ育成する。	G	0	0	0	0	0	10	0	1	0	1	101	2026-06-12T14:14:17.000000Z	2026-06-12T14:14:28.000000Z	3	杖		0	10		staff						WPN_0067	STAFF	杖	G	1	1	1	WPN_0068	1	1	1	3						0	1								0	1	
9164	魔導の杖	weapon	杖系のFランク武器。合成進化で上位ランクへ育成する。	F	0	0	0	0	0	14	0	1	0	1	202	2026-06-12T14:14:17.000000Z	2026-06-12T14:14:28.000000Z	4	杖		0	14		staff						WPN_0068	STAFF	杖	F	2	1.35	2	WPN_0069	1	1	0	3						0	1								0	1	
9165	精霊の杖	weapon	杖系のEランク武器。合成進化で上位ランクへ育成する。	E	0	0	0	0	0	18	0	1	0	1	303	2026-06-12T14:14:17.000000Z	2026-06-12T14:14:28.000000Z	5	杖		0	18		staff						WPN_0069	STAFF	杖	E	3	1.8225	3	WPN_0070	1	1	0	3						0	1								0	1	
9166	祈りの杖	weapon	杖系のDランク武器。合成進化で上位ランクへ育成する。	D	0	0	0	0	0	25	0	1	0	1	404	2026-06-12T14:14:17.000000Z	2026-06-12T14:14:28.000000Z	7	杖		0	25		staff						WPN_0070	STAFF	杖	D	4	2.4604	4	WPN_0071	1	1	0	3						0	1								0	1	
9167	星見の杖	weapon	杖系のCランク武器。合成進化で上位ランクへ育成する。	C	0	0	0	0	0	33	0	1	0	1	505	2026-06-12T14:14:17.000000Z	2026-06-12T14:14:28.000000Z	10	杖		0	33		staff						WPN_0071	STAFF	杖	C	5	3.3215	5	WPN_0072	1	1	0	3						0	1								0	1	
9168	大魔導の杖	weapon	杖系のBランク武器。合成進化で上位ランクへ育成する。	B	0	0	0	0	0	45	0	1	0	1	606	2026-06-12T14:14:17.000000Z	2026-06-12T14:14:28.000000Z	13	杖		0	45		staff						WPN_0072	STAFF	杖	B	6	4.484	6	WPN_0073	1	1	0	3						0	1								0	1	
9169	ルミナスロッド	weapon	杖系のAランク武器。合成進化で上位ランクへ育成する。	A	0	0	0	0	0	61	0	1	0	1	707	2026-06-12T14:14:17.000000Z	2026-06-12T14:14:28.000000Z	18	杖		0	61		staff						WPN_0073	STAFF	杖	A	7	6.0534	7	WPN_0074	1	1	0	3						0	1								0	1	
9170	天啓の杖	weapon	杖系のSランク武器。合成進化で上位ランクへ育成する。	S	0	0	0	0	0	82	0	1	0	1	808	2026-06-12T14:14:17.000000Z	2026-06-12T14:14:28.000000Z	25	杖		0	82		staff						WPN_0074	STAFF	杖	S	8	8.1722	8	WPN_0075	1	0	0	3						0	1								0	1	
9171	神域の杖	weapon	杖系のSSランク武器。合成進化で上位ランクへ育成する。	SS	0	0	0	0	0	110	0	1	0	1	909	2026-06-12T14:14:17.000000Z	2026-06-12T14:14:28.000000Z	33	杖		0	110		staff						WPN_0075	STAFF	杖	SS	9	11.0324	9	WPN_0076	1	0	0	3						0	1								0	1	
9172	原初魔導杖	weapon	杖系のSSSランク武器。合成進化で上位ランクへ育成する。	SSS	0	0	0	0	0	149	0	1	0	1	1010	2026-06-12T14:14:17.000000Z	2026-06-12T14:14:28.000000Z	45	杖		0	149		staff						WPN_0076	STAFF	杖	SSS	10	14.8937	10	WPN_0077	1	0	0	3						0	1								0	1	
9173	創世を紡ぐ神杖	weapon	杖系のEPICランク武器。合成進化で上位ランクへ育成する。	EPIC	0	0	0	0	0	201	0	1	0	1	1111	2026-06-12T14:14:17.000000Z	2026-06-12T14:14:28.000000Z	60	杖		0	201		staff						WPN_0077	STAFF	杖	EPIC	11	20.1066	11		0	0	0	3						0	1								0	1	
9174	古びた魔導書	weapon	魔導書系のGランク武器。合成進化で上位ランクへ育成する。	G	0	0	0	0	-1	12	0	1	0	1	101	2026-06-12T14:14:17.000000Z	2026-06-12T14:14:28.000000Z	4	魔導書		0	15		magic_device						WPN_0078	GRIMOIRE	魔導書	G	1	1	1	WPN_0079	1	1	1	3						0	1								0	1	
9175	初級魔導書	weapon	魔導書系のFランク武器。合成進化で上位ランクへ育成する。	F	0	0	0	0	-1	16	0	1	0	1	202	2026-06-12T14:14:17.000000Z	2026-06-12T14:14:28.000000Z	5	魔導書		0	20		magic_device						WPN_0079	GRIMOIRE	魔導書	F	2	1.35	2	WPN_0080	1	1	0	3						0	1								0	1	
9176	精霊術の書	weapon	魔導書系のEランク武器。合成進化で上位ランクへ育成する。	E	0	0	0	0	-2	22	0	1	0	1	303	2026-06-12T14:14:17.000000Z	2026-06-12T14:14:28.000000Z	7	魔導書		0	27		magic_device						WPN_0080	GRIMOIRE	魔導書	E	3	1.8225	3	WPN_0081	1	1	0	3						0	1								0	1	
9177	星詠みの書	weapon	魔導書系のDランク武器。合成進化で上位ランクへ育成する。	D	0	0	0	0	-2	30	0	1	0	1	404	2026-06-12T14:14:17.000000Z	2026-06-12T14:14:28.000000Z	10	魔導書		0	37		magic_device						WPN_0081	GRIMOIRE	魔導書	D	4	2.4604	4	WPN_0082	1	1	0	3						0	1								0	1	
9178	禁呪の書	weapon	魔導書系のCランク武器。合成進化で上位ランクへ育成する。	C	0	0	0	0	-3	40	0	1	0	1	505	2026-06-12T14:14:17.000000Z	2026-06-12T14:14:28.000000Z	13	魔導書		0	50		magic_device						WPN_0082	GRIMOIRE	魔導書	C	5	3.3215	5	WPN_0083	1	1	0	3						0	1								0	1	
9179	大賢者の書	weapon	魔導書系のBランク武器。合成進化で上位ランクへ育成する。	B	0	0	0	0	-4	54	0	1	0	1	606	2026-06-12T14:14:17.000000Z	2026-06-12T14:14:28.000000Z	18	魔導書		0	67		magic_device						WPN_0083	GRIMOIRE	魔導書	B	6	4.484	6	WPN_0084	1	1	0	3						0	1								0	1	
9180	ルミナスの秘典	weapon	魔導書系のAランク武器。合成進化で上位ランクへ育成する。	A	0	0	0	0	-6	73	0	1	0	1	707	2026-06-12T14:14:17.000000Z	2026-06-12T14:14:28.000000Z	24	魔導書		0	91		magic_device						WPN_0084	GRIMOIRE	魔導書	A	7	6.0534	7	WPN_0085	1	1	0	3						0	1								0	1	
9181	時空魔導書	weapon	魔導書系のSランク武器。合成進化で上位ランクへ育成する。	S	0	0	0	0	-8	98	0	1	0	1	808	2026-06-12T14:14:17.000000Z	2026-06-12T14:14:28.000000Z	33	魔導書		0	123		magic_device						WPN_0085	GRIMOIRE	魔導書	S	8	8.1722	8	WPN_0086	1	0	0	3						0	1								0	1	
9182	原典魔導書	weapon	魔導書系のSSランク武器。合成進化で上位ランクへ育成する。	SS	0	0	0	0	-11	132	0	1	0	1	909	2026-06-12T14:14:17.000000Z	2026-06-12T14:14:28.000000Z	44	魔導書		0	165		magic_device						WPN_0086	GRIMOIRE	魔導書	SS	9	11.0324	9	WPN_0087	1	0	0	3						0	1								0	1	
9183	創世の書	weapon	魔導書系のSSSランク武器。合成進化で上位ランクへ育成する。	SSS	0	0	0	0	-15	179	0	1	0	1	1010	2026-06-12T14:14:17.000000Z	2026-06-12T14:14:28.000000Z	60	魔導書		0	223		magic_device						WPN_0087	GRIMOIRE	魔導書	SSS	10	14.8937	10	WPN_0088	1	0	0	3						0	1								0	1	
9184	世界律の魔導原典	weapon	魔導書系のEPICランク武器。合成進化で上位ランクへ育成する。	EPIC	0	0	0	0	-20	241	0	1	0	1	1111	2026-06-12T14:14:17.000000Z	2026-06-12T14:14:28.000000Z	80	魔導書		0	302		magic_device						WPN_0088	GRIMOIRE	魔導書	EPIC	11	20.1066	11		0	0	0	3						0	1								0	1	
9185	布の拳帯	weapon	格闘系のGランク武器。合成進化で上位ランクへ育成する。	G	0	0	8	0	4	0	2	1	0	1	101	2026-06-12T14:14:17.000000Z	2026-06-12T14:14:28.000000Z	0	格闘		0	0		fist						WPN_0089	FIST	格闘	G	1	1	1	WPN_0090	1	1	1	3						0	1								0	1	
9186	革のグローブ	weapon	格闘系のFランク武器。合成進化で上位ランクへ育成する。	F	0	0	11	0	5	0	3	1	0	1	202	2026-06-12T14:14:17.000000Z	2026-06-12T14:14:28.000000Z	0	格闘		0	0		fist						WPN_0090	FIST	格闘	F	2	1.35	2	WPN_0091	1	1	0	3						0	1								0	1	
9187	鉄拳グローブ	weapon	格闘系のEランク武器。合成進化で上位ランクへ育成する。	E	0	0	15	0	7	0	4	1	0	1	303	2026-06-12T14:14:17.000000Z	2026-06-12T14:14:28.000000Z	0	格闘		0	0		fist						WPN_0091	FIST	格闘	E	3	1.8225	3	WPN_0092	1	1	0	3						0	1								0	1	
9188	闘士の拳具	weapon	格闘系のDランク武器。合成進化で上位ランクへ育成する。	D	0	0	20	0	10	0	5	1	0	1	404	2026-06-12T14:14:17.000000Z	2026-06-12T14:14:28.000000Z	0	格闘		0	0		fist						WPN_0092	FIST	格闘	D	4	2.4604	4	WPN_0093	1	1	0	3						0	1								0	1	
9189	破岩の拳甲	weapon	格闘系のCランク武器。合成進化で上位ランクへ育成する。	C	0	0	27	0	13	0	7	1	0	1	505	2026-06-12T14:14:17.000000Z	2026-06-12T14:14:28.000000Z	0	格闘		0	0		fist						WPN_0093	FIST	格闘	C	5	3.3215	5	WPN_0094	1	1	0	3						0	1								0	1	
9190	修羅の拳	weapon	格闘系のBランク武器。合成進化で上位ランクへ育成する。	B	0	0	36	0	18	0	9	1	0	1	606	2026-06-12T14:14:17.000000Z	2026-06-12T14:14:28.000000Z	0	格闘		0	0		fist						WPN_0094	FIST	格闘	B	6	4.484	6	WPN_0095	1	1	0	3						0	1								0	1	
9191	武神の拳	weapon	格闘系のAランク武器。合成進化で上位ランクへ育成する。	A	0	0	48	0	24	0	12	1	0	1	707	2026-06-12T14:14:17.000000Z	2026-06-12T14:14:28.000000Z	0	格闘		0	0		fist						WPN_0095	FIST	格闘	A	7	6.0534	7	WPN_0096	1	1	0	3						0	1								0	1	
9192	天地砕きの拳	weapon	格闘系のSランク武器。合成進化で上位ランクへ育成する。	S	0	0	65	0	33	0	16	1	0	1	808	2026-06-12T14:14:17.000000Z	2026-06-12T14:14:28.000000Z	0	格闘		0	0		fist						WPN_0096	FIST	格闘	S	8	8.1722	8	WPN_0097	1	0	0	3						0	1								0	1	
9193	神滅の拳	weapon	格闘系のSSランク武器。合成進化で上位ランクへ育成する。	SS	0	0	88	0	44	0	22	1	0	1	909	2026-06-12T14:14:17.000000Z	2026-06-12T14:14:28.000000Z	0	格闘		0	0		fist						WPN_0097	FIST	格闘	SS	9	11.0324	9	WPN_0098	1	0	0	3						0	1								0	1	
9194	原初の拳	weapon	格闘系のSSSランク武器。合成進化で上位ランクへ育成する。	SSS	0	0	119	0	60	0	30	1	0	1	1010	2026-06-12T14:14:17.000000Z	2026-06-12T14:14:28.000000Z	0	格闘		0	0		fist						WPN_0098	FIST	格闘	SSS	10	14.8937	10	WPN_0099	1	0	0	3						0	1								0	1	
9195	万象を砕く神拳	weapon	格闘系のEPICランク武器。合成進化で上位ランクへ育成する。	EPIC	0	0	161	0	80	0	40	1	0	1	1111	2026-06-12T14:14:17.000000Z	2026-06-12T14:14:28.000000Z	0	格闘		0	0		fist						WPN_0099	FIST	格闘	EPIC	11	20.1066	11		0	0	0	3						0	1								0	1	
9196	粗製の銃	weapon	機工銃系のGランク武器。合成進化で上位ランクへ育成する。	G	0	0	7	0	0	7	2	1	0	1	101	2026-06-12T14:14:17.000000Z	2026-06-12T14:14:28.000000Z	0	機工銃		0	0		gun						WPN_0100	GUN	機工銃	G	1	1	1	WPN_0101	1	1	1	3						0	1								0	1	
9197	鉄筒銃	weapon	機工銃系のFランク武器。合成進化で上位ランクへ育成する。	F	0	0	9	0	0	9	3	1	0	1	202	2026-06-12T14:14:17.000000Z	2026-06-12T14:14:28.000000Z	0	機工銃		0	0		gun						WPN_0101	GUN	機工銃	F	2	1.35	2	WPN_0102	1	1	0	3						0	1								0	1	
9198	機工銃	weapon	機工銃系のEランク武器。合成進化で上位ランクへ育成する。	E	0	0	13	0	0	13	4	1	0	1	303	2026-06-12T14:14:17.000000Z	2026-06-12T14:14:28.000000Z	0	機工銃		0	0		gun						WPN_0102	GUN	機工銃	E	3	1.8225	3	WPN_0103	1	1	0	3						0	1								0	1	
9199	連装機工銃	weapon	機工銃系のDランク武器。合成進化で上位ランクへ育成する。	D	0	0	17	0	0	17	5	1	0	1	404	2026-06-12T14:14:17.000000Z	2026-06-12T14:14:28.000000Z	0	機工銃		0	0		gun						WPN_0103	GUN	機工銃	D	4	2.4604	4	WPN_0104	1	1	0	3						0	1								0	1	
9200	雷鳴銃	weapon	機工銃系のCランク武器。合成進化で上位ランクへ育成する。	C	0	0	23	0	0	23	7	1	0	1	505	2026-06-12T14:14:17.000000Z	2026-06-12T14:14:28.000000Z	0	機工銃		0	0		gun						WPN_0104	GUN	機工銃	C	5	3.3215	5	WPN_0105	1	1	0	3						0	1								0	1	
9201	古代機構銃	weapon	機工銃系のBランク武器。合成進化で上位ランクへ育成する。	B	0	0	31	0	0	31	9	1	0	1	606	2026-06-12T14:14:17.000000Z	2026-06-12T14:14:28.000000Z	0	機工銃		0	0		gun						WPN_0105	GUN	機工銃	B	6	4.484	6	WPN_0106	1	1	0	3						0	1								0	1	
9202	錬成炉の魔銃	weapon	機工銃系のAランク武器。合成進化で上位ランクへ育成する。	A	0	0	42	0	0	42	12	1	0	1	707	2026-06-12T14:14:17.000000Z	2026-06-12T14:14:28.000000Z	0	機工銃		0	0		gun						WPN_0106	GUN	機工銃	A	7	6.0534	7	WPN_0107	1	1	0	3						0	1								0	1	
9203	星導機銃	weapon	機工銃系のSランク武器。合成進化で上位ランクへ育成する。	S	0	0	57	0	0	57	16	1	0	1	808	2026-06-12T14:14:17.000000Z	2026-06-12T14:14:28.000000Z	0	機工銃		0	0		gun						WPN_0107	GUN	機工銃	S	8	8.1722	8	WPN_0108	1	0	0	3						0	1								0	1	
9204	機神砲	weapon	機工銃系のSSランク武器。合成進化で上位ランクへ育成する。	SS	0	0	77	0	0	77	22	1	0	1	909	2026-06-12T14:14:17.000000Z	2026-06-12T14:14:28.000000Z	0	機工銃		0	0		gun						WPN_0108	GUN	機工銃	SS	9	11.0324	9	WPN_0109	1	0	0	3						0	1								0	1	
9205	天穿つ機神砲	weapon	機工銃系のSSSランク武器。合成進化で上位ランクへ育成する。	SSS	0	0	104	0	0	104	30	1	0	1	1010	2026-06-12T14:14:17.000000Z	2026-06-12T14:14:28.000000Z	0	機工銃		0	0		gun						WPN_0109	GUN	機工銃	SSS	10	14.8937	10	WPN_0110	1	0	0	3						0	1								0	1	
9206	終焉を告げる原初砲	weapon	機工銃系のEPICランク武器。合成進化で上位ランクへ育成する。	EPIC	0	0	141	0	0	141	40	1	0	1	1111	2026-06-12T14:14:17.000000Z	2026-06-12T14:14:28.000000Z	0	機工銃		0	0		gun						WPN_0110	GUN	機工銃	EPIC	11	20.1066	11		0	0	0	3						0	1								0	1	